planning_run_id,finished_sku,finished_product_name,routing_id,routing_version,operation_id,operation_sequence,operation_name,operation_type,workstation_id,workstation_name,predecessor_operation_ids,successor_operation_ids,parallel_group_id,can_run_in_parallel_flag,join_required_before_next_flag,routing_join_pressure_flag,parallel_merge_pressure_flag,queue_supported_flag,workstation_capacity_status_latest,max_workstation_utilization_pct,max_estimated_queue_pressure_score,estimated_queue_pressure_level,estimated_wip_risk_level,bottleneck_visibility_level,bottleneck_visibility_rank,bottleneck_evidence_layers,flow_step_risk_level,flow_step_risk_reason,confirmation_status,source_phase,advisory_only_flag
PHASE4-MPS-20260701122722,SKU-BIKE-MT-001,Mountain Bike,RT-BIKE-MT-V1,V1,MT-OP-010,10,Frame Preparation,PREP,WS-FRAME-PREP,Frame Preparation Station,,MT-OP-020;MT-OP-030;MT-OP-040,,False,False,False,False,True,FEASIBLE,202.70449195402296,100.0,CRITICAL,CRITICAL,CRITICAL,2,WORKSTATION_CAPACITY;LABOR_STRESS;QUEUE_PRESSURE,CRITICAL,BOTTLENECK_VISIBILITY_AT_FLOW_STEP;QUEUE_PRESSURE_AT_FLOW_STEP,PLANNING_EVIDENCE_ONLY_NOT_SIMULATION_CONFIRMED,PHASE4_STEP5C_PRODUCTION_FLOW_VIEW,True
PHASE4-MPS-20260701122722,SKU-BIKE-MT-001,Mountain Bike,RT-BIKE-MT-V1,V1,MT-OP-020,20,Fork and Suspension Prep,PREP,WS-FORK-SUSP,Fork and Suspension Prep Station,MT-OP-010,MT-OP-050,MT-PG-01,True,False,False,False,True,FEASIBLE,110.44584367816093,60.0,HIGH,HIGH,HIGH,7,WORKSTATION_CAPACITY;QUEUE_PRESSURE,HIGH,BOTTLENECK_VISIBILITY_AT_FLOW_STEP;QUEUE_PRESSURE_AT_FLOW_STEP,PLANNING_EVIDENCE_ONLY_NOT_SIMULATION_CONFIRMED,PHASE4_STEP5C_PRODUCTION_FLOW_VIEW,True
PHASE4-MPS-20260701122722,SKU-BIKE-MT-001,Mountain Bike,RT-BIKE-MT-V1,V1,MT-OP-030,30,Wheel Subassembly,SUBASSEMBLY,WS-WHEEL-SUB,Wheel Subassembly Station,MT-OP-010,MT-OP-050,MT-PG-01,True,False,False,False,True,FEASIBLE,234.31609655172417,100.0,CRITICAL,CRITICAL,CRITICAL,4,WORKSTATION_CAPACITY;QUEUE_PRESSURE,CRITICAL,BOTTLENECK_VISIBILITY_AT_FLOW_STEP;QUEUE_PRESSURE_AT_FLOW_STEP,PLANNING_EVIDENCE_ONLY_NOT_SIMULATION_CONFIRMED,PHASE4_STEP5C_PRODUCTION_FLOW_VIEW,True
PHASE4-MPS-20260701122722,SKU-BIKE-MT-001,Mountain Bike,RT-BIKE-MT-V1,V1,MT-OP-040,40,Brake Subassembly,SUBASSEMBLY,WS-BRAKE-SUB,Brake Subassembly Station,MT-OP-010,MT-OP-050,MT-PG-01,True,False,False,False,True,FEASIBLE,185.4734022988506,100.0,CRITICAL,CRITICAL,CRITICAL,3,WORKSTATION_CAPACITY;LABOR_STRESS;QUEUE_PRESSURE,CRITICAL,BOTTLENECK_VISIBILITY_AT_FLOW_STEP;QUEUE_PRESSURE_AT_FLOW_STEP,PLANNING_EVIDENCE_ONLY_NOT_SIMULATION_CONFIRMED,PHASE4_STEP5C_PRODUCTION_FLOW_VIEW,True
PHASE4-MPS-20260701122722,SKU-BIKE-MT-001,Mountain Bike,RT-BIKE-MT-V1,V1,MT-OP-050,50,Final Assembly,FINAL_ASSEMBLY,WS-FINAL-ASM,Final Assembly Station,MT-OP-020;MT-OP-030;MT-OP-040,MT-OP-060,,False,True,True,True,True,FEASIBLE,354.5433011494253,185.0,CRITICAL,CRITICAL,CRITICAL,1,WORKSTATION_CAPACITY;LABOR_STRESS;QUEUE_PRESSURE;ROUTING_JOIN_PRESSURE,CRITICAL,BOTTLENECK_VISIBILITY_AT_FLOW_STEP;QUEUE_PRESSURE_AT_FLOW_STEP;FINAL_ASSEMBLY_JOIN_PRESSURE,PLANNING_EVIDENCE_ONLY_NOT_SIMULATION_CONFIRMED,PHASE4_STEP5C_PRODUCTION_FLOW_VIEW,True
PHASE4-MPS-20260701122722,SKU-BIKE-MT-001,Mountain Bike,RT-BIKE-MT-V1,V1,MT-OP-060,60,Final Quality Control,QUALITY,WS-QC,Final Quality Control Station,MT-OP-050,MT-OP-070,,False,False,False,False,True,FEASIBLE,160.7761931034483,80.0,HIGH,HIGH,HIGH,5,WORKSTATION_CAPACITY;QUEUE_PRESSURE,HIGH,BOTTLENECK_VISIBILITY_AT_FLOW_STEP;QUEUE_PRESSURE_AT_FLOW_STEP,PLANNING_EVIDENCE_ONLY_NOT_SIMULATION_CONFIRMED,PHASE4_STEP5C_PRODUCTION_FLOW_VIEW,True
PHASE4-MPS-20260701122722,SKU-BIKE-MT-001,Mountain Bike,RT-BIKE-MT-V1,V1,MT-OP-070,70,Packaging,PACKAGING,WS-PACK,Packaging Station,MT-OP-060,,,False,False,False,False,True,FEASIBLE,129.2307908045977,60.0,HIGH,HIGH,HIGH,6,WORKSTATION_CAPACITY;QUEUE_PRESSURE,HIGH,BOTTLENECK_VISIBILITY_AT_FLOW_STEP;QUEUE_PRESSURE_AT_FLOW_STEP,PLANNING_EVIDENCE_ONLY_NOT_SIMULATION_CONFIRMED,PHASE4_STEP5C_PRODUCTION_FLOW_VIEW,True
PHASE4-MPS-20260701122722,SKU-BIKE-ROAD-001,Road Bike,RT-BIKE-ROAD-V1,V1,ROAD-OP-010,10,Frame Preparation,PREP,WS-FRAME-PREP,Frame Preparation Station,,ROAD-OP-020;ROAD-OP-030,,False,False,False,False,True,FEASIBLE,202.70449195402296,100.0,CRITICAL,CRITICAL,CRITICAL,2,WORKSTATION_CAPACITY;LABOR_STRESS;QUEUE_PRESSURE,CRITICAL,BOTTLENECK_VISIBILITY_AT_FLOW_STEP;QUEUE_PRESSURE_AT_FLOW_STEP,PLANNING_EVIDENCE_ONLY_NOT_SIMULATION_CONFIRMED,PHASE4_STEP5C_PRODUCTION_FLOW_VIEW,True
PHASE4-MPS-20260701122722,SKU-BIKE-ROAD-001,Road Bike,RT-BIKE-ROAD-V1,V1,ROAD-OP-020,20,Wheel Subassembly,SUBASSEMBLY,WS-WHEEL-SUB,Wheel Subassembly Station,ROAD-OP-010,ROAD-OP-040,ROAD-PG-01,True,False,False,False,True,FEASIBLE,234.31609655172417,100.0,CRITICAL,CRITICAL,CRITICAL,4,WORKSTATION_CAPACITY;QUEUE_PRESSURE,CRITICAL,BOTTLENECK_VISIBILITY_AT_FLOW_STEP;QUEUE_PRESSURE_AT_FLOW_STEP,PLANNING_EVIDENCE_ONLY_NOT_SIMULATION_CONFIRMED,PHASE4_STEP5C_PRODUCTION_FLOW_VIEW,True
PHASE4-MPS-20260701122722,SKU-BIKE-ROAD-001,Road Bike,RT-BIKE-ROAD-V1,V1,ROAD-OP-030,30,Brake Subassembly,SUBASSEMBLY,WS-BRAKE-SUB,Brake Subassembly Station,ROAD-OP-010,ROAD-OP-040,ROAD-PG-01,True,False,False,False,True,FEASIBLE,185.4734022988506,100.0,CRITICAL,CRITICAL,CRITICAL,3,WORKSTATION_CAPACITY;LABOR_STRESS;QUEUE_PRESSURE,CRITICAL,BOTTLENECK_VISIBILITY_AT_FLOW_STEP;QUEUE_PRESSURE_AT_FLOW_STEP,PLANNING_EVIDENCE_ONLY_NOT_SIMULATION_CONFIRMED,PHASE4_STEP5C_PRODUCTION_FLOW_VIEW,True
PHASE4-MPS-20260701122722,SKU-BIKE-ROAD-001,Road Bike,RT-BIKE-ROAD-V1,V1,ROAD-OP-040,40,Final Assembly,FINAL_ASSEMBLY,WS-FINAL-ASM,Final Assembly Station,ROAD-OP-020;ROAD-OP-030,ROAD-OP-050,,False,True,True,True,True,FEASIBLE,354.5433011494253,185.0,CRITICAL,CRITICAL,CRITICAL,1,WORKSTATION_CAPACITY;LABOR_STRESS;QUEUE_PRESSURE;ROUTING_JOIN_PRESSURE,CRITICAL,BOTTLENECK_VISIBILITY_AT_FLOW_STEP;QUEUE_PRESSURE_AT_FLOW_STEP;FINAL_ASSEMBLY_JOIN_PRESSURE,PLANNING_EVIDENCE_ONLY_NOT_SIMULATION_CONFIRMED,PHASE4_STEP5C_PRODUCTION_FLOW_VIEW,True
PHASE4-MPS-20260701122722,SKU-BIKE-ROAD-001,Road Bike,RT-BIKE-ROAD-V1,V1,ROAD-OP-050,50,Final Quality Control,QUALITY,WS-QC,Final Quality Control Station,ROAD-OP-040,ROAD-OP-060,,False,False,False,False,True,FEASIBLE,160.7761931034483,80.0,HIGH,HIGH,HIGH,5,WORKSTATION_CAPACITY;QUEUE_PRESSURE,HIGH,BOTTLENECK_VISIBILITY_AT_FLOW_STEP;QUEUE_PRESSURE_AT_FLOW_STEP,PLANNING_EVIDENCE_ONLY_NOT_SIMULATION_CONFIRMED,PHASE4_STEP5C_PRODUCTION_FLOW_VIEW,True
PHASE4-MPS-20260701122722,SKU-BIKE-ROAD-001,Road Bike,RT-BIKE-ROAD-V1,V1,ROAD-OP-060,60,Packaging,PACKAGING,WS-PACK,Packaging Station,ROAD-OP-050,,,False,False,False,False,True,FEASIBLE,129.2307908045977,60.0,HIGH,HIGH,HIGH,6,WORKSTATION_CAPACITY;QUEUE_PRESSURE,HIGH,BOTTLENECK_VISIBILITY_AT_FLOW_STEP;QUEUE_PRESSURE_AT_FLOW_STEP,PLANNING_EVIDENCE_ONLY_NOT_SIMULATION_CONFIRMED,PHASE4_STEP5C_PRODUCTION_FLOW_VIEW,True
