planning_run_id,crew_id,crew_name,crew_type,workers_available,weekly_capacity_hours,production_operation_skill_count,light_autonomous_maintenance_skill_count,maintenance_skill_count,medium_heavy_maintenance_skill_count,repair_skill_count,authorized_machine_count,can_operate_machine_count,can_setup_machine_count,can_maintain_machine_count,can_repair_machine_count,authorized_light_maintenance_machine_count,authorized_medium_heavy_maintenance_machine_count,authorized_repair_machine_count,active_flag,future_use_allowed_flag,crew_role_separation_status,workforce_context_basis,source_phase,advisory_only_flag
PHASE4-MPS-20260721170405,CREW-PROD-FRAME,Frame Production Crew,PRODUCTION,2,80,2,4,4,0,0,2,2,2,2,0,2,0,0,True,False,OK,SHARED_WORKFORCE_CREW_SKILL_MATRIX,SHARED_STEP7A_WORKFORCE_MASTER_DATA,True
PHASE4-MPS-20260721170405,CREW-PROD-WHEEL,Wheel Assembly Crew,PRODUCTION,3,120,1,4,4,0,0,1,1,1,1,0,1,0,0,True,False,OK,SHARED_WORKFORCE_CREW_SKILL_MATRIX,SHARED_STEP7A_WORKFORCE_MASTER_DATA,True
PHASE4-MPS-20260721170405,CREW-PROD-BRAKE,Brake Assembly Crew,PRODUCTION,2,80,1,4,4,0,0,1,1,1,1,0,1,0,0,True,False,OK,SHARED_WORKFORCE_CREW_SKILL_MATRIX,SHARED_STEP7A_WORKFORCE_MASTER_DATA,True
PHASE4-MPS-20260721170405,CREW-PROD-FINAL,Final Assembly Crew,PRODUCTION,4,160,2,6,6,0,0,1,1,1,1,0,1,0,0,True,False,OK,SHARED_WORKFORCE_CREW_SKILL_MATRIX,SHARED_STEP7A_WORKFORCE_MASTER_DATA,True
PHASE4-MPS-20260721170405,CREW-PROD-QC,Quality Inspection Crew,PRODUCTION,2,80,1,2,2,0,0,1,1,0,1,0,1,0,0,True,False,OK,SHARED_WORKFORCE_CREW_SKILL_MATRIX,SHARED_STEP7A_WORKFORCE_MASTER_DATA,True
PHASE4-MPS-20260721170405,CREW-PROD-PACK,Packaging Crew,PRODUCTION,2,80,1,2,2,0,0,1,1,0,1,0,1,0,0,True,False,OK,SHARED_WORKFORCE_CREW_SKILL_MATRIX,SHARED_STEP7A_WORKFORCE_MASTER_DATA,True
PHASE4-MPS-20260721170405,CREW-MAINT-MECH,Mechanical Maintenance Crew,MAINTENANCE,2,80,0,1,7,2,1,5,0,0,5,5,0,5,5,True,False,OK,SHARED_WORKFORCE_CREW_SKILL_MATRIX,SHARED_STEP7A_WORKFORCE_MASTER_DATA,True
PHASE4-MPS-20260721170405,CREW-MAINT-ELEC,Electrical Maintenance Crew,MAINTENANCE,1,40,0,0,4,0,2,1,0,0,1,1,0,1,1,True,False,OK,SHARED_WORKFORCE_CREW_SKILL_MATRIX,SHARED_STEP7A_WORKFORCE_MASTER_DATA,True
PHASE4-MPS-20260721170405,CREW-MAINT-GEN,General Maintenance Crew,MAINTENANCE,2,80,0,1,3,0,1,1,0,0,1,1,1,0,1,True,False,OK,SHARED_WORKFORCE_CREW_SKILL_MATRIX,SHARED_STEP7A_WORKFORCE_MASTER_DATA,True
