planning_run_id,crew_id,crew_name,crew_type,available_hours,assigned_planning_workload_hours,utilization_pct,utilization_status,supported_skill_count,supported_machine_count,workload_mix,source_phase,advisory_only_flag
PHASE4-MPS-20260706124809,CREW-PROD-FRAME,Frame Production Crew,PRODUCTION,80,0.0,0.0,FEASIBLE,0.0,2,LIGHT_AUTONOMOUS_SUPPORT_ONLY,SHARED_STEP7E_MAINTENANCE_CREW_CAPACITY,True
PHASE4-MPS-20260706124809,CREW-PROD-WHEEL,Wheel Assembly Crew,PRODUCTION,120,0.0,0.0,FEASIBLE,0.0,1,LIGHT_AUTONOMOUS_SUPPORT_ONLY,SHARED_STEP7E_MAINTENANCE_CREW_CAPACITY,True
PHASE4-MPS-20260706124809,CREW-PROD-BRAKE,Brake Assembly Crew,PRODUCTION,80,0.0,0.0,FEASIBLE,0.0,1,LIGHT_AUTONOMOUS_SUPPORT_ONLY,SHARED_STEP7E_MAINTENANCE_CREW_CAPACITY,True
PHASE4-MPS-20260706124809,CREW-PROD-FINAL,Final Assembly Crew,PRODUCTION,160,0.0,0.0,FEASIBLE,0.0,1,LIGHT_AUTONOMOUS_SUPPORT_ONLY,SHARED_STEP7E_MAINTENANCE_CREW_CAPACITY,True
PHASE4-MPS-20260706124809,CREW-PROD-QC,Quality Inspection Crew,PRODUCTION,80,0.0,0.0,FEASIBLE,0.0,1,LIGHT_AUTONOMOUS_SUPPORT_ONLY,SHARED_STEP7E_MAINTENANCE_CREW_CAPACITY,True
PHASE4-MPS-20260706124809,CREW-PROD-PACK,Packaging Crew,PRODUCTION,80,0.0,0.0,FEASIBLE,0.0,1,LIGHT_AUTONOMOUS_SUPPORT_ONLY,SHARED_STEP7E_MAINTENANCE_CREW_CAPACITY,True
PHASE4-MPS-20260706124809,CREW-MAINT-MECH,Mechanical Maintenance Crew,MAINTENANCE,80,21.695,27.12,FEASIBLE,7.0,5,MAINTENANCE_REPAIR_AND_DUE_STATUS,SHARED_STEP7E_MAINTENANCE_CREW_CAPACITY,True
PHASE4-MPS-20260706124809,CREW-MAINT-ELEC,Electrical Maintenance Crew,MAINTENANCE,40,3.3,8.25,FEASIBLE,4.0,1,MAINTENANCE_REPAIR_AND_DUE_STATUS,SHARED_STEP7E_MAINTENANCE_CREW_CAPACITY,True
PHASE4-MPS-20260706124809,CREW-MAINT-GEN,General Maintenance Crew,MAINTENANCE,80,0.75,0.94,FEASIBLE,3.0,1,MAINTENANCE_REPAIR_AND_DUE_STATUS,SHARED_STEP7E_MAINTENANCE_CREW_CAPACITY,True
