planning_run_id,schedule_candidate_window_id,candidate_id,machine_id,machine_name,workstation_id,workstation_name,planned_downtime_hours,production_impact_level,bottleneck_impact_level,machine_availability_impact_level,estimated_capacity_at_risk_hours,window_impact_level,note_no_capacity_reduction_applied_flag,source_phase,advisory_only_flag
PHASE4-MPS-20260721170405,SCHED-WIN-001,MAINT-CAND-001,M-FRAME-JIG-001,Frame Jig and Alignment Fixture,WS-FRAME-PREP,Frame Preparation Station,0.5,CRITICAL,CRITICAL,CRITICAL,6.06,CRITICAL,True,SHARED_STEP7G_MAINTENANCE_SCHEDULE_FEASIBILITY,True
PHASE4-MPS-20260721170405,SCHED-WIN-002,MAINT-CAND-001,M-FRAME-JIG-001,Frame Jig and Alignment Fixture,WS-FRAME-PREP,Frame Preparation Station,0.5,CRITICAL,CRITICAL,CRITICAL,6.06,CRITICAL,True,SHARED_STEP7G_MAINTENANCE_SCHEDULE_FEASIBILITY,True
PHASE4-MPS-20260721170405,SCHED-WIN-003,MAINT-CAND-001,M-FRAME-JIG-001,Frame Jig and Alignment Fixture,WS-FRAME-PREP,Frame Preparation Station,0.5,CRITICAL,CRITICAL,CRITICAL,6.06,CRITICAL,True,SHARED_STEP7G_MAINTENANCE_SCHEDULE_FEASIBILITY,True
PHASE4-MPS-20260721170405,SCHED-WIN-004,MAINT-CAND-001,M-FRAME-JIG-001,Frame Jig and Alignment Fixture,WS-FRAME-PREP,Frame Preparation Station,0.5,CRITICAL,CRITICAL,CRITICAL,6.06,CRITICAL,True,SHARED_STEP7G_MAINTENANCE_SCHEDULE_FEASIBILITY,True
PHASE4-MPS-20260721170405,SCHED-WIN-005,MAINT-CAND-001,M-FRAME-JIG-001,Frame Jig and Alignment Fixture,WS-FRAME-PREP,Frame Preparation Station,0.5,CRITICAL,CRITICAL,CRITICAL,6.06,CRITICAL,True,SHARED_STEP7G_MAINTENANCE_SCHEDULE_FEASIBILITY,True
PHASE4-MPS-20260721170405,SCHED-WIN-006,MAINT-CAND-001,M-FRAME-JIG-001,Frame Jig and Alignment Fixture,WS-FRAME-PREP,Frame Preparation Station,0.5,CRITICAL,CRITICAL,CRITICAL,6.06,CRITICAL,True,SHARED_STEP7G_MAINTENANCE_SCHEDULE_FEASIBILITY,True
PHASE4-MPS-20260721170405,SCHED-WIN-007,MAINT-CAND-001,M-FRAME-JIG-001,Frame Jig and Alignment Fixture,WS-FRAME-PREP,Frame Preparation Station,0.5,CRITICAL,CRITICAL,CRITICAL,6.06,CRITICAL,True,SHARED_STEP7G_MAINTENANCE_SCHEDULE_FEASIBILITY,True
PHASE4-MPS-20260721170405,SCHED-WIN-008,MAINT-CAND-001,M-FRAME-JIG-001,Frame Jig and Alignment Fixture,WS-FRAME-PREP,Frame Preparation Station,0.5,CRITICAL,CRITICAL,CRITICAL,6.06,CRITICAL,True,SHARED_STEP7G_MAINTENANCE_SCHEDULE_FEASIBILITY,True
PHASE4-MPS-20260721170405,SCHED-WIN-009,MAINT-CAND-001,M-FRAME-JIG-001,Frame Jig and Alignment Fixture,WS-FRAME-PREP,Frame Preparation Station,0.5,CRITICAL,CRITICAL,CRITICAL,6.06,CRITICAL,True,SHARED_STEP7G_MAINTENANCE_SCHEDULE_FEASIBILITY,True
PHASE4-MPS-20260721170405,SCHED-WIN-010,MAINT-CAND-001,M-FRAME-JIG-001,Frame Jig and Alignment Fixture,WS-FRAME-PREP,Frame Preparation Station,0.5,CRITICAL,CRITICAL,CRITICAL,6.06,CRITICAL,True,SHARED_STEP7G_MAINTENANCE_SCHEDULE_FEASIBILITY,True
PHASE4-MPS-20260721170405,SCHED-WIN-011,MAINT-CAND-002,M-FRAME-JIG-001,Frame Jig and Alignment Fixture,WS-FRAME-PREP,Frame Preparation Station,3.0,CRITICAL,CRITICAL,CRITICAL,6.06,CRITICAL,True,SHARED_STEP7G_MAINTENANCE_SCHEDULE_FEASIBILITY,True
PHASE4-MPS-20260721170405,SCHED-WIN-012,MAINT-CAND-002,M-FRAME-JIG-001,Frame Jig and Alignment Fixture,WS-FRAME-PREP,Frame Preparation Station,3.0,CRITICAL,CRITICAL,CRITICAL,6.06,CRITICAL,True,SHARED_STEP7G_MAINTENANCE_SCHEDULE_FEASIBILITY,True
PHASE4-MPS-20260721170405,SCHED-WIN-013,MAINT-CAND-002,M-FRAME-JIG-001,Frame Jig and Alignment Fixture,WS-FRAME-PREP,Frame Preparation Station,3.0,CRITICAL,CRITICAL,CRITICAL,6.06,CRITICAL,True,SHARED_STEP7G_MAINTENANCE_SCHEDULE_FEASIBILITY,True
PHASE4-MPS-20260721170405,SCHED-WIN-014,MAINT-CAND-002,M-FRAME-JIG-001,Frame Jig and Alignment Fixture,WS-FRAME-PREP,Frame Preparation Station,3.0,CRITICAL,CRITICAL,CRITICAL,6.06,CRITICAL,True,SHARED_STEP7G_MAINTENANCE_SCHEDULE_FEASIBILITY,True
PHASE4-MPS-20260721170405,SCHED-WIN-015,MAINT-CAND-002,M-FRAME-JIG-001,Frame Jig and Alignment Fixture,WS-FRAME-PREP,Frame Preparation Station,3.0,CRITICAL,CRITICAL,CRITICAL,6.06,CRITICAL,True,SHARED_STEP7G_MAINTENANCE_SCHEDULE_FEASIBILITY,True
PHASE4-MPS-20260721170405,SCHED-WIN-016,MAINT-CAND-002,M-FRAME-JIG-001,Frame Jig and Alignment Fixture,WS-FRAME-PREP,Frame Preparation Station,3.0,CRITICAL,CRITICAL,CRITICAL,6.06,CRITICAL,True,SHARED_STEP7G_MAINTENANCE_SCHEDULE_FEASIBILITY,True
PHASE4-MPS-20260721170405,SCHED-WIN-017,MAINT-CAND-002,M-FRAME-JIG-001,Frame Jig and Alignment Fixture,WS-FRAME-PREP,Frame Preparation Station,3.0,CRITICAL,CRITICAL,CRITICAL,6.06,CRITICAL,True,SHARED_STEP7G_MAINTENANCE_SCHEDULE_FEASIBILITY,True
PHASE4-MPS-20260721170405,SCHED-WIN-018,MAINT-CAND-002,M-FRAME-JIG-001,Frame Jig and Alignment Fixture,WS-FRAME-PREP,Frame Preparation Station,3.0,CRITICAL,CRITICAL,CRITICAL,6.06,CRITICAL,True,SHARED_STEP7G_MAINTENANCE_SCHEDULE_FEASIBILITY,True
PHASE4-MPS-20260721170405,SCHED-WIN-019,MAINT-CAND-002,M-FRAME-JIG-001,Frame Jig and Alignment Fixture,WS-FRAME-PREP,Frame Preparation Station,3.0,CRITICAL,CRITICAL,CRITICAL,6.06,CRITICAL,True,SHARED_STEP7G_MAINTENANCE_SCHEDULE_FEASIBILITY,True
PHASE4-MPS-20260721170405,SCHED-WIN-020,MAINT-CAND-002,M-FRAME-JIG-001,Frame Jig and Alignment Fixture,WS-FRAME-PREP,Frame Preparation Station,3.0,CRITICAL,CRITICAL,CRITICAL,6.06,CRITICAL,True,SHARED_STEP7G_MAINTENANCE_SCHEDULE_FEASIBILITY,True
PHASE4-MPS-20260721170405,SCHED-WIN-021,MAINT-CAND-003,M-WHEEL-TRUE-001,Wheel Truing Stand,WS-WHEEL-SUB,Wheel Subassembly Station,0.25,CRITICAL,CRITICAL,CRITICAL,4.12,CRITICAL,True,SHARED_STEP7G_MAINTENANCE_SCHEDULE_FEASIBILITY,True
PHASE4-MPS-20260721170405,SCHED-WIN-022,MAINT-CAND-003,M-WHEEL-TRUE-001,Wheel Truing Stand,WS-WHEEL-SUB,Wheel Subassembly Station,0.25,CRITICAL,CRITICAL,CRITICAL,4.12,CRITICAL,True,SHARED_STEP7G_MAINTENANCE_SCHEDULE_FEASIBILITY,True
PHASE4-MPS-20260721170405,SCHED-WIN-023,MAINT-CAND-003,M-WHEEL-TRUE-001,Wheel Truing Stand,WS-WHEEL-SUB,Wheel Subassembly Station,0.25,CRITICAL,CRITICAL,CRITICAL,4.12,CRITICAL,True,SHARED_STEP7G_MAINTENANCE_SCHEDULE_FEASIBILITY,True
PHASE4-MPS-20260721170405,SCHED-WIN-024,MAINT-CAND-003,M-WHEEL-TRUE-001,Wheel Truing Stand,WS-WHEEL-SUB,Wheel Subassembly Station,0.25,CRITICAL,CRITICAL,CRITICAL,4.12,CRITICAL,True,SHARED_STEP7G_MAINTENANCE_SCHEDULE_FEASIBILITY,True
PHASE4-MPS-20260721170405,SCHED-WIN-025,MAINT-CAND-003,M-WHEEL-TRUE-001,Wheel Truing Stand,WS-WHEEL-SUB,Wheel Subassembly Station,0.25,CRITICAL,CRITICAL,CRITICAL,4.12,CRITICAL,True,SHARED_STEP7G_MAINTENANCE_SCHEDULE_FEASIBILITY,True
PHASE4-MPS-20260721170405,SCHED-WIN-026,MAINT-CAND-004,M-WHEEL-TRUE-001,Wheel Truing Stand,WS-WHEEL-SUB,Wheel Subassembly Station,2.5,CRITICAL,CRITICAL,CRITICAL,4.12,CRITICAL,True,SHARED_STEP7G_MAINTENANCE_SCHEDULE_FEASIBILITY,True
PHASE4-MPS-20260721170405,SCHED-WIN-027,MAINT-CAND-004,M-WHEEL-TRUE-001,Wheel Truing Stand,WS-WHEEL-SUB,Wheel Subassembly Station,2.5,CRITICAL,CRITICAL,CRITICAL,4.12,CRITICAL,True,SHARED_STEP7G_MAINTENANCE_SCHEDULE_FEASIBILITY,True
PHASE4-MPS-20260721170405,SCHED-WIN-028,MAINT-CAND-004,M-WHEEL-TRUE-001,Wheel Truing Stand,WS-WHEEL-SUB,Wheel Subassembly Station,2.5,CRITICAL,CRITICAL,CRITICAL,4.12,CRITICAL,True,SHARED_STEP7G_MAINTENANCE_SCHEDULE_FEASIBILITY,True
PHASE4-MPS-20260721170405,SCHED-WIN-029,MAINT-CAND-004,M-WHEEL-TRUE-001,Wheel Truing Stand,WS-WHEEL-SUB,Wheel Subassembly Station,2.5,CRITICAL,CRITICAL,CRITICAL,4.12,CRITICAL,True,SHARED_STEP7G_MAINTENANCE_SCHEDULE_FEASIBILITY,True
PHASE4-MPS-20260721170405,SCHED-WIN-030,MAINT-CAND-004,M-WHEEL-TRUE-001,Wheel Truing Stand,WS-WHEEL-SUB,Wheel Subassembly Station,2.5,CRITICAL,CRITICAL,CRITICAL,4.12,CRITICAL,True,SHARED_STEP7G_MAINTENANCE_SCHEDULE_FEASIBILITY,True
PHASE4-MPS-20260721170405,SCHED-WIN-031,MAINT-CAND-004,M-WHEEL-TRUE-001,Wheel Truing Stand,WS-WHEEL-SUB,Wheel Subassembly Station,2.5,CRITICAL,CRITICAL,CRITICAL,4.12,CRITICAL,True,SHARED_STEP7G_MAINTENANCE_SCHEDULE_FEASIBILITY,True
PHASE4-MPS-20260721170405,SCHED-WIN-032,MAINT-CAND-004,M-WHEEL-TRUE-001,Wheel Truing Stand,WS-WHEEL-SUB,Wheel Subassembly Station,2.5,CRITICAL,CRITICAL,CRITICAL,4.12,CRITICAL,True,SHARED_STEP7G_MAINTENANCE_SCHEDULE_FEASIBILITY,True
PHASE4-MPS-20260721170405,SCHED-WIN-033,MAINT-CAND-004,M-WHEEL-TRUE-001,Wheel Truing Stand,WS-WHEEL-SUB,Wheel Subassembly Station,2.5,CRITICAL,CRITICAL,CRITICAL,4.12,CRITICAL,True,SHARED_STEP7G_MAINTENANCE_SCHEDULE_FEASIBILITY,True
PHASE4-MPS-20260721170405,SCHED-WIN-034,MAINT-CAND-004,M-WHEEL-TRUE-001,Wheel Truing Stand,WS-WHEEL-SUB,Wheel Subassembly Station,2.5,CRITICAL,CRITICAL,CRITICAL,4.12,CRITICAL,True,SHARED_STEP7G_MAINTENANCE_SCHEDULE_FEASIBILITY,True
PHASE4-MPS-20260721170405,SCHED-WIN-035,MAINT-CAND-004,M-WHEEL-TRUE-001,Wheel Truing Stand,WS-WHEEL-SUB,Wheel Subassembly Station,2.5,CRITICAL,CRITICAL,CRITICAL,4.12,CRITICAL,True,SHARED_STEP7G_MAINTENANCE_SCHEDULE_FEASIBILITY,True
PHASE4-MPS-20260721170405,SCHED-WIN-036,MAINT-CAND-005,M-BRAKE-BENCH-001,Brake Assembly Bench and Tooling,WS-BRAKE-SUB,Brake Subassembly Station,2.0,HIGH,CRITICAL,CRITICAL,2.41,CRITICAL,True,SHARED_STEP7G_MAINTENANCE_SCHEDULE_FEASIBILITY,True
PHASE4-MPS-20260721170405,SCHED-WIN-037,MAINT-CAND-005,M-BRAKE-BENCH-001,Brake Assembly Bench and Tooling,WS-BRAKE-SUB,Brake Subassembly Station,2.0,HIGH,CRITICAL,CRITICAL,2.41,CRITICAL,True,SHARED_STEP7G_MAINTENANCE_SCHEDULE_FEASIBILITY,True
PHASE4-MPS-20260721170405,SCHED-WIN-038,MAINT-CAND-005,M-BRAKE-BENCH-001,Brake Assembly Bench and Tooling,WS-BRAKE-SUB,Brake Subassembly Station,2.0,HIGH,CRITICAL,CRITICAL,2.41,CRITICAL,True,SHARED_STEP7G_MAINTENANCE_SCHEDULE_FEASIBILITY,True
PHASE4-MPS-20260721170405,SCHED-WIN-039,MAINT-CAND-005,M-BRAKE-BENCH-001,Brake Assembly Bench and Tooling,WS-BRAKE-SUB,Brake Subassembly Station,2.0,HIGH,CRITICAL,CRITICAL,2.41,CRITICAL,True,SHARED_STEP7G_MAINTENANCE_SCHEDULE_FEASIBILITY,True
PHASE4-MPS-20260721170405,SCHED-WIN-040,MAINT-CAND-005,M-BRAKE-BENCH-001,Brake Assembly Bench and Tooling,WS-BRAKE-SUB,Brake Subassembly Station,2.0,HIGH,CRITICAL,CRITICAL,2.41,CRITICAL,True,SHARED_STEP7G_MAINTENANCE_SCHEDULE_FEASIBILITY,True
PHASE4-MPS-20260721170405,SCHED-WIN-041,MAINT-CAND-005,M-BRAKE-BENCH-001,Brake Assembly Bench and Tooling,WS-BRAKE-SUB,Brake Subassembly Station,2.0,HIGH,CRITICAL,CRITICAL,2.41,CRITICAL,True,SHARED_STEP7G_MAINTENANCE_SCHEDULE_FEASIBILITY,True
PHASE4-MPS-20260721170405,SCHED-WIN-042,MAINT-CAND-005,M-BRAKE-BENCH-001,Brake Assembly Bench and Tooling,WS-BRAKE-SUB,Brake Subassembly Station,2.0,HIGH,CRITICAL,CRITICAL,2.41,CRITICAL,True,SHARED_STEP7G_MAINTENANCE_SCHEDULE_FEASIBILITY,True
PHASE4-MPS-20260721170405,SCHED-WIN-043,MAINT-CAND-005,M-BRAKE-BENCH-001,Brake Assembly Bench and Tooling,WS-BRAKE-SUB,Brake Subassembly Station,2.0,HIGH,CRITICAL,CRITICAL,2.41,CRITICAL,True,SHARED_STEP7G_MAINTENANCE_SCHEDULE_FEASIBILITY,True
PHASE4-MPS-20260721170405,SCHED-WIN-044,MAINT-CAND-005,M-BRAKE-BENCH-001,Brake Assembly Bench and Tooling,WS-BRAKE-SUB,Brake Subassembly Station,2.0,HIGH,CRITICAL,CRITICAL,2.41,CRITICAL,True,SHARED_STEP7G_MAINTENANCE_SCHEDULE_FEASIBILITY,True
PHASE4-MPS-20260721170405,SCHED-WIN-045,MAINT-CAND-005,M-BRAKE-BENCH-001,Brake Assembly Bench and Tooling,WS-BRAKE-SUB,Brake Subassembly Station,2.0,HIGH,CRITICAL,CRITICAL,2.41,CRITICAL,True,SHARED_STEP7G_MAINTENANCE_SCHEDULE_FEASIBILITY,True
PHASE4-MPS-20260721170405,SCHED-WIN-046,MAINT-CAND-006,M-FORK-BENCH-001,Fork and Suspension Prep Bench,WS-FORK-SUSP,Fork and Suspension Prep Station,0.5,HIGH,CRITICAL,CRITICAL,2.47,CRITICAL,True,SHARED_STEP7G_MAINTENANCE_SCHEDULE_FEASIBILITY,True
PHASE4-MPS-20260721170405,SCHED-WIN-047,MAINT-CAND-006,M-FORK-BENCH-001,Fork and Suspension Prep Bench,WS-FORK-SUSP,Fork and Suspension Prep Station,0.5,HIGH,CRITICAL,CRITICAL,2.47,CRITICAL,True,SHARED_STEP7G_MAINTENANCE_SCHEDULE_FEASIBILITY,True
PHASE4-MPS-20260721170405,SCHED-WIN-048,MAINT-CAND-006,M-FORK-BENCH-001,Fork and Suspension Prep Bench,WS-FORK-SUSP,Fork and Suspension Prep Station,0.5,HIGH,CRITICAL,CRITICAL,2.47,CRITICAL,True,SHARED_STEP7G_MAINTENANCE_SCHEDULE_FEASIBILITY,True
PHASE4-MPS-20260721170405,SCHED-WIN-049,MAINT-CAND-006,M-FORK-BENCH-001,Fork and Suspension Prep Bench,WS-FORK-SUSP,Fork and Suspension Prep Station,0.5,HIGH,CRITICAL,CRITICAL,2.47,CRITICAL,True,SHARED_STEP7G_MAINTENANCE_SCHEDULE_FEASIBILITY,True
PHASE4-MPS-20260721170405,SCHED-WIN-050,MAINT-CAND-006,M-FORK-BENCH-001,Fork and Suspension Prep Bench,WS-FORK-SUSP,Fork and Suspension Prep Station,0.5,HIGH,CRITICAL,CRITICAL,2.47,CRITICAL,True,SHARED_STEP7G_MAINTENANCE_SCHEDULE_FEASIBILITY,True
PHASE4-MPS-20260721170405,SCHED-WIN-051,MAINT-CAND-006,M-FORK-BENCH-001,Fork and Suspension Prep Bench,WS-FORK-SUSP,Fork and Suspension Prep Station,0.5,HIGH,CRITICAL,CRITICAL,2.47,CRITICAL,True,SHARED_STEP7G_MAINTENANCE_SCHEDULE_FEASIBILITY,True
PHASE4-MPS-20260721170405,SCHED-WIN-052,MAINT-CAND-006,M-FORK-BENCH-001,Fork and Suspension Prep Bench,WS-FORK-SUSP,Fork and Suspension Prep Station,0.5,HIGH,CRITICAL,CRITICAL,2.47,CRITICAL,True,SHARED_STEP7G_MAINTENANCE_SCHEDULE_FEASIBILITY,True
PHASE4-MPS-20260721170405,SCHED-WIN-053,MAINT-CAND-006,M-FORK-BENCH-001,Fork and Suspension Prep Bench,WS-FORK-SUSP,Fork and Suspension Prep Station,0.5,HIGH,CRITICAL,CRITICAL,2.47,CRITICAL,True,SHARED_STEP7G_MAINTENANCE_SCHEDULE_FEASIBILITY,True
PHASE4-MPS-20260721170405,SCHED-WIN-054,MAINT-CAND-006,M-FORK-BENCH-001,Fork and Suspension Prep Bench,WS-FORK-SUSP,Fork and Suspension Prep Station,0.5,HIGH,CRITICAL,CRITICAL,2.47,CRITICAL,True,SHARED_STEP7G_MAINTENANCE_SCHEDULE_FEASIBILITY,True
PHASE4-MPS-20260721170405,SCHED-WIN-055,MAINT-CAND-006,M-FORK-BENCH-001,Fork and Suspension Prep Bench,WS-FORK-SUSP,Fork and Suspension Prep Station,0.5,HIGH,CRITICAL,CRITICAL,2.47,CRITICAL,True,SHARED_STEP7G_MAINTENANCE_SCHEDULE_FEASIBILITY,True
PHASE4-MPS-20260721170405,SCHED-WIN-056,MAINT-CAND-007,M-FORK-BENCH-001,Fork and Suspension Prep Bench,WS-FORK-SUSP,Fork and Suspension Prep Station,3.5,HIGH,CRITICAL,CRITICAL,2.47,CRITICAL,True,SHARED_STEP7G_MAINTENANCE_SCHEDULE_FEASIBILITY,True
PHASE4-MPS-20260721170405,SCHED-WIN-057,MAINT-CAND-007,M-FORK-BENCH-001,Fork and Suspension Prep Bench,WS-FORK-SUSP,Fork and Suspension Prep Station,3.5,HIGH,CRITICAL,CRITICAL,2.47,CRITICAL,True,SHARED_STEP7G_MAINTENANCE_SCHEDULE_FEASIBILITY,True
PHASE4-MPS-20260721170405,SCHED-WIN-058,MAINT-CAND-007,M-FORK-BENCH-001,Fork and Suspension Prep Bench,WS-FORK-SUSP,Fork and Suspension Prep Station,3.5,HIGH,CRITICAL,CRITICAL,2.47,CRITICAL,True,SHARED_STEP7G_MAINTENANCE_SCHEDULE_FEASIBILITY,True
PHASE4-MPS-20260721170405,SCHED-WIN-059,MAINT-CAND-007,M-FORK-BENCH-001,Fork and Suspension Prep Bench,WS-FORK-SUSP,Fork and Suspension Prep Station,3.5,HIGH,CRITICAL,CRITICAL,2.47,CRITICAL,True,SHARED_STEP7G_MAINTENANCE_SCHEDULE_FEASIBILITY,True
PHASE4-MPS-20260721170405,SCHED-WIN-060,MAINT-CAND-007,M-FORK-BENCH-001,Fork and Suspension Prep Bench,WS-FORK-SUSP,Fork and Suspension Prep Station,3.5,HIGH,CRITICAL,CRITICAL,2.47,CRITICAL,True,SHARED_STEP7G_MAINTENANCE_SCHEDULE_FEASIBILITY,True
PHASE4-MPS-20260721170405,SCHED-WIN-061,MAINT-CAND-007,M-FORK-BENCH-001,Fork and Suspension Prep Bench,WS-FORK-SUSP,Fork and Suspension Prep Station,3.5,HIGH,CRITICAL,CRITICAL,2.47,CRITICAL,True,SHARED_STEP7G_MAINTENANCE_SCHEDULE_FEASIBILITY,True
PHASE4-MPS-20260721170405,SCHED-WIN-062,MAINT-CAND-007,M-FORK-BENCH-001,Fork and Suspension Prep Bench,WS-FORK-SUSP,Fork and Suspension Prep Station,3.5,HIGH,CRITICAL,CRITICAL,2.47,CRITICAL,True,SHARED_STEP7G_MAINTENANCE_SCHEDULE_FEASIBILITY,True
PHASE4-MPS-20260721170405,SCHED-WIN-063,MAINT-CAND-007,M-FORK-BENCH-001,Fork and Suspension Prep Bench,WS-FORK-SUSP,Fork and Suspension Prep Station,3.5,HIGH,CRITICAL,CRITICAL,2.47,CRITICAL,True,SHARED_STEP7G_MAINTENANCE_SCHEDULE_FEASIBILITY,True
PHASE4-MPS-20260721170405,SCHED-WIN-064,MAINT-CAND-007,M-FORK-BENCH-001,Fork and Suspension Prep Bench,WS-FORK-SUSP,Fork and Suspension Prep Station,3.5,HIGH,CRITICAL,CRITICAL,2.47,CRITICAL,True,SHARED_STEP7G_MAINTENANCE_SCHEDULE_FEASIBILITY,True
PHASE4-MPS-20260721170405,SCHED-WIN-065,MAINT-CAND-007,M-FORK-BENCH-001,Fork and Suspension Prep Bench,WS-FORK-SUSP,Fork and Suspension Prep Station,3.5,HIGH,CRITICAL,CRITICAL,2.47,CRITICAL,True,SHARED_STEP7G_MAINTENANCE_SCHEDULE_FEASIBILITY,True
PHASE4-MPS-20260721170405,SCHED-WIN-066,MAINT-CAND-008,M-FINAL-STAND-001,Final Assembly Stand,WS-FINAL-ASM,Final Assembly Station,0.5,CRITICAL,CRITICAL,CRITICAL,10.05,CRITICAL,True,SHARED_STEP7G_MAINTENANCE_SCHEDULE_FEASIBILITY,True
PHASE4-MPS-20260721170405,SCHED-WIN-067,MAINT-CAND-008,M-FINAL-STAND-001,Final Assembly Stand,WS-FINAL-ASM,Final Assembly Station,0.5,CRITICAL,CRITICAL,CRITICAL,10.05,CRITICAL,True,SHARED_STEP7G_MAINTENANCE_SCHEDULE_FEASIBILITY,True
PHASE4-MPS-20260721170405,SCHED-WIN-068,MAINT-CAND-008,M-FINAL-STAND-001,Final Assembly Stand,WS-FINAL-ASM,Final Assembly Station,0.5,CRITICAL,CRITICAL,CRITICAL,10.05,CRITICAL,True,SHARED_STEP7G_MAINTENANCE_SCHEDULE_FEASIBILITY,True
PHASE4-MPS-20260721170405,SCHED-WIN-069,MAINT-CAND-008,M-FINAL-STAND-001,Final Assembly Stand,WS-FINAL-ASM,Final Assembly Station,0.5,CRITICAL,CRITICAL,CRITICAL,10.05,CRITICAL,True,SHARED_STEP7G_MAINTENANCE_SCHEDULE_FEASIBILITY,True
PHASE4-MPS-20260721170405,SCHED-WIN-070,MAINT-CAND-008,M-FINAL-STAND-001,Final Assembly Stand,WS-FINAL-ASM,Final Assembly Station,0.5,CRITICAL,CRITICAL,CRITICAL,10.05,CRITICAL,True,SHARED_STEP7G_MAINTENANCE_SCHEDULE_FEASIBILITY,True
PHASE4-MPS-20260721170405,SCHED-WIN-071,MAINT-CAND-008,M-FINAL-STAND-001,Final Assembly Stand,WS-FINAL-ASM,Final Assembly Station,0.5,CRITICAL,CRITICAL,CRITICAL,10.05,CRITICAL,True,SHARED_STEP7G_MAINTENANCE_SCHEDULE_FEASIBILITY,True
PHASE4-MPS-20260721170405,SCHED-WIN-072,MAINT-CAND-008,M-FINAL-STAND-001,Final Assembly Stand,WS-FINAL-ASM,Final Assembly Station,0.5,CRITICAL,CRITICAL,CRITICAL,10.05,CRITICAL,True,SHARED_STEP7G_MAINTENANCE_SCHEDULE_FEASIBILITY,True
PHASE4-MPS-20260721170405,SCHED-WIN-073,MAINT-CAND-008,M-FINAL-STAND-001,Final Assembly Stand,WS-FINAL-ASM,Final Assembly Station,0.5,CRITICAL,CRITICAL,CRITICAL,10.05,CRITICAL,True,SHARED_STEP7G_MAINTENANCE_SCHEDULE_FEASIBILITY,True
PHASE4-MPS-20260721170405,SCHED-WIN-074,MAINT-CAND-008,M-FINAL-STAND-001,Final Assembly Stand,WS-FINAL-ASM,Final Assembly Station,0.5,CRITICAL,CRITICAL,CRITICAL,10.05,CRITICAL,True,SHARED_STEP7G_MAINTENANCE_SCHEDULE_FEASIBILITY,True
PHASE4-MPS-20260721170405,SCHED-WIN-075,MAINT-CAND-008,M-FINAL-STAND-001,Final Assembly Stand,WS-FINAL-ASM,Final Assembly Station,0.5,CRITICAL,CRITICAL,CRITICAL,10.05,CRITICAL,True,SHARED_STEP7G_MAINTENANCE_SCHEDULE_FEASIBILITY,True
PHASE4-MPS-20260721170405,SCHED-WIN-076,MAINT-CAND-009,M-FINAL-STAND-001,Final Assembly Stand,WS-FINAL-ASM,Final Assembly Station,3.0,CRITICAL,CRITICAL,CRITICAL,10.05,CRITICAL,True,SHARED_STEP7G_MAINTENANCE_SCHEDULE_FEASIBILITY,True
PHASE4-MPS-20260721170405,SCHED-WIN-077,MAINT-CAND-009,M-FINAL-STAND-001,Final Assembly Stand,WS-FINAL-ASM,Final Assembly Station,3.0,CRITICAL,CRITICAL,CRITICAL,10.05,CRITICAL,True,SHARED_STEP7G_MAINTENANCE_SCHEDULE_FEASIBILITY,True
PHASE4-MPS-20260721170405,SCHED-WIN-078,MAINT-CAND-009,M-FINAL-STAND-001,Final Assembly Stand,WS-FINAL-ASM,Final Assembly Station,3.0,CRITICAL,CRITICAL,CRITICAL,10.05,CRITICAL,True,SHARED_STEP7G_MAINTENANCE_SCHEDULE_FEASIBILITY,True
PHASE4-MPS-20260721170405,SCHED-WIN-079,MAINT-CAND-009,M-FINAL-STAND-001,Final Assembly Stand,WS-FINAL-ASM,Final Assembly Station,3.0,CRITICAL,CRITICAL,CRITICAL,10.05,CRITICAL,True,SHARED_STEP7G_MAINTENANCE_SCHEDULE_FEASIBILITY,True
PHASE4-MPS-20260721170405,SCHED-WIN-080,MAINT-CAND-009,M-FINAL-STAND-001,Final Assembly Stand,WS-FINAL-ASM,Final Assembly Station,3.0,CRITICAL,CRITICAL,CRITICAL,10.05,CRITICAL,True,SHARED_STEP7G_MAINTENANCE_SCHEDULE_FEASIBILITY,True
PHASE4-MPS-20260721170405,SCHED-WIN-081,MAINT-CAND-009,M-FINAL-STAND-001,Final Assembly Stand,WS-FINAL-ASM,Final Assembly Station,3.0,CRITICAL,CRITICAL,CRITICAL,10.05,CRITICAL,True,SHARED_STEP7G_MAINTENANCE_SCHEDULE_FEASIBILITY,True
PHASE4-MPS-20260721170405,SCHED-WIN-082,MAINT-CAND-009,M-FINAL-STAND-001,Final Assembly Stand,WS-FINAL-ASM,Final Assembly Station,3.0,CRITICAL,CRITICAL,CRITICAL,10.05,CRITICAL,True,SHARED_STEP7G_MAINTENANCE_SCHEDULE_FEASIBILITY,True
PHASE4-MPS-20260721170405,SCHED-WIN-083,MAINT-CAND-009,M-FINAL-STAND-001,Final Assembly Stand,WS-FINAL-ASM,Final Assembly Station,3.0,CRITICAL,CRITICAL,CRITICAL,10.05,CRITICAL,True,SHARED_STEP7G_MAINTENANCE_SCHEDULE_FEASIBILITY,True
PHASE4-MPS-20260721170405,SCHED-WIN-084,MAINT-CAND-009,M-FINAL-STAND-001,Final Assembly Stand,WS-FINAL-ASM,Final Assembly Station,3.0,CRITICAL,CRITICAL,CRITICAL,10.05,CRITICAL,True,SHARED_STEP7G_MAINTENANCE_SCHEDULE_FEASIBILITY,True
PHASE4-MPS-20260721170405,SCHED-WIN-085,MAINT-CAND-009,M-FINAL-STAND-001,Final Assembly Stand,WS-FINAL-ASM,Final Assembly Station,3.0,CRITICAL,CRITICAL,CRITICAL,10.05,CRITICAL,True,SHARED_STEP7G_MAINTENANCE_SCHEDULE_FEASIBILITY,True
PHASE4-MPS-20260721170405,SCHED-WIN-086,MAINT-CAND-010,M-QC-TOOLS-001,QC Inspection Tool Set,WS-QC,Final Quality Control Station,2.0,HIGH,CRITICAL,CRITICAL,3.01,CRITICAL,True,SHARED_STEP7G_MAINTENANCE_SCHEDULE_FEASIBILITY,True
PHASE4-MPS-20260721170405,SCHED-WIN-087,MAINT-CAND-010,M-QC-TOOLS-001,QC Inspection Tool Set,WS-QC,Final Quality Control Station,2.0,HIGH,CRITICAL,CRITICAL,3.01,CRITICAL,True,SHARED_STEP7G_MAINTENANCE_SCHEDULE_FEASIBILITY,True
PHASE4-MPS-20260721170405,SCHED-WIN-088,MAINT-CAND-010,M-QC-TOOLS-001,QC Inspection Tool Set,WS-QC,Final Quality Control Station,2.0,HIGH,CRITICAL,CRITICAL,3.01,CRITICAL,True,SHARED_STEP7G_MAINTENANCE_SCHEDULE_FEASIBILITY,True
PHASE4-MPS-20260721170405,SCHED-WIN-089,MAINT-CAND-010,M-QC-TOOLS-001,QC Inspection Tool Set,WS-QC,Final Quality Control Station,2.0,HIGH,CRITICAL,CRITICAL,3.01,CRITICAL,True,SHARED_STEP7G_MAINTENANCE_SCHEDULE_FEASIBILITY,True
PHASE4-MPS-20260721170405,SCHED-WIN-090,MAINT-CAND-010,M-QC-TOOLS-001,QC Inspection Tool Set,WS-QC,Final Quality Control Station,2.0,HIGH,CRITICAL,CRITICAL,3.01,CRITICAL,True,SHARED_STEP7G_MAINTENANCE_SCHEDULE_FEASIBILITY,True
PHASE4-MPS-20260721170405,SCHED-WIN-091,MAINT-CAND-010,M-QC-TOOLS-001,QC Inspection Tool Set,WS-QC,Final Quality Control Station,2.0,HIGH,CRITICAL,CRITICAL,3.01,CRITICAL,True,SHARED_STEP7G_MAINTENANCE_SCHEDULE_FEASIBILITY,True
PHASE4-MPS-20260721170405,SCHED-WIN-092,MAINT-CAND-010,M-QC-TOOLS-001,QC Inspection Tool Set,WS-QC,Final Quality Control Station,2.0,HIGH,CRITICAL,CRITICAL,3.01,CRITICAL,True,SHARED_STEP7G_MAINTENANCE_SCHEDULE_FEASIBILITY,True
PHASE4-MPS-20260721170405,SCHED-WIN-093,MAINT-CAND-010,M-QC-TOOLS-001,QC Inspection Tool Set,WS-QC,Final Quality Control Station,2.0,HIGH,CRITICAL,CRITICAL,3.01,CRITICAL,True,SHARED_STEP7G_MAINTENANCE_SCHEDULE_FEASIBILITY,True
PHASE4-MPS-20260721170405,SCHED-WIN-094,MAINT-CAND-010,M-QC-TOOLS-001,QC Inspection Tool Set,WS-QC,Final Quality Control Station,2.0,HIGH,CRITICAL,CRITICAL,3.01,CRITICAL,True,SHARED_STEP7G_MAINTENANCE_SCHEDULE_FEASIBILITY,True
PHASE4-MPS-20260721170405,SCHED-WIN-095,MAINT-CAND-010,M-QC-TOOLS-001,QC Inspection Tool Set,WS-QC,Final Quality Control Station,2.0,HIGH,CRITICAL,CRITICAL,3.01,CRITICAL,True,SHARED_STEP7G_MAINTENANCE_SCHEDULE_FEASIBILITY,True
PHASE4-MPS-20260721170405,SCHED-WIN-096,MAINT-CAND-011,M-QC-TOOLS-001,QC Inspection Tool Set,WS-QC,Final Quality Control Station,0.0,HIGH,CRITICAL,CRITICAL,3.01,CRITICAL,True,SHARED_STEP7G_MAINTENANCE_SCHEDULE_FEASIBILITY,True
PHASE4-MPS-20260721170405,SCHED-WIN-097,MAINT-CAND-011,M-QC-TOOLS-001,QC Inspection Tool Set,WS-QC,Final Quality Control Station,0.0,HIGH,CRITICAL,CRITICAL,3.01,CRITICAL,True,SHARED_STEP7G_MAINTENANCE_SCHEDULE_FEASIBILITY,True
PHASE4-MPS-20260721170405,SCHED-WIN-098,MAINT-CAND-011,M-QC-TOOLS-001,QC Inspection Tool Set,WS-QC,Final Quality Control Station,0.0,HIGH,CRITICAL,CRITICAL,3.01,CRITICAL,True,SHARED_STEP7G_MAINTENANCE_SCHEDULE_FEASIBILITY,True
PHASE4-MPS-20260721170405,SCHED-WIN-099,MAINT-CAND-011,M-QC-TOOLS-001,QC Inspection Tool Set,WS-QC,Final Quality Control Station,0.0,HIGH,CRITICAL,CRITICAL,3.01,CRITICAL,True,SHARED_STEP7G_MAINTENANCE_SCHEDULE_FEASIBILITY,True
PHASE4-MPS-20260721170405,SCHED-WIN-100,MAINT-CAND-011,M-QC-TOOLS-001,QC Inspection Tool Set,WS-QC,Final Quality Control Station,0.0,HIGH,CRITICAL,CRITICAL,3.01,CRITICAL,True,SHARED_STEP7G_MAINTENANCE_SCHEDULE_FEASIBILITY,True
PHASE4-MPS-20260721170405,SCHED-WIN-101,MAINT-CAND-012,M-PACK-BENCH-001,Packaging Bench and Tool Set,WS-PACK,Packaging Station,1.5,HIGH,CRITICAL,HIGH,1.08,CRITICAL,True,SHARED_STEP7G_MAINTENANCE_SCHEDULE_FEASIBILITY,True
PHASE4-MPS-20260721170405,SCHED-WIN-102,MAINT-CAND-012,M-PACK-BENCH-001,Packaging Bench and Tool Set,WS-PACK,Packaging Station,1.5,HIGH,CRITICAL,HIGH,1.08,CRITICAL,True,SHARED_STEP7G_MAINTENANCE_SCHEDULE_FEASIBILITY,True
PHASE4-MPS-20260721170405,SCHED-WIN-103,MAINT-CAND-012,M-PACK-BENCH-001,Packaging Bench and Tool Set,WS-PACK,Packaging Station,1.5,HIGH,CRITICAL,HIGH,1.08,CRITICAL,True,SHARED_STEP7G_MAINTENANCE_SCHEDULE_FEASIBILITY,True
PHASE4-MPS-20260721170405,SCHED-WIN-104,MAINT-CAND-012,M-PACK-BENCH-001,Packaging Bench and Tool Set,WS-PACK,Packaging Station,1.5,HIGH,CRITICAL,HIGH,1.08,CRITICAL,True,SHARED_STEP7G_MAINTENANCE_SCHEDULE_FEASIBILITY,True
PHASE4-MPS-20260721170405,SCHED-WIN-105,MAINT-CAND-012,M-PACK-BENCH-001,Packaging Bench and Tool Set,WS-PACK,Packaging Station,1.5,HIGH,CRITICAL,HIGH,1.08,CRITICAL,True,SHARED_STEP7G_MAINTENANCE_SCHEDULE_FEASIBILITY,True
PHASE4-MPS-20260721170405,SCHED-WIN-106,MAINT-CAND-013,M-FRAME-JIG-001,Frame Jig and Alignment Fixture,WS-FRAME-PREP,Frame Preparation Station,4.0,CRITICAL,CRITICAL,CRITICAL,6.06,CRITICAL,True,SHARED_STEP7G_MAINTENANCE_SCHEDULE_FEASIBILITY,True
PHASE4-MPS-20260721170405,SCHED-WIN-107,MAINT-CAND-013,M-FRAME-JIG-001,Frame Jig and Alignment Fixture,WS-FRAME-PREP,Frame Preparation Station,4.0,CRITICAL,CRITICAL,CRITICAL,6.06,CRITICAL,True,SHARED_STEP7G_MAINTENANCE_SCHEDULE_FEASIBILITY,True
PHASE4-MPS-20260721170405,SCHED-WIN-108,MAINT-CAND-013,M-FRAME-JIG-001,Frame Jig and Alignment Fixture,WS-FRAME-PREP,Frame Preparation Station,4.0,CRITICAL,CRITICAL,CRITICAL,6.06,CRITICAL,True,SHARED_STEP7G_MAINTENANCE_SCHEDULE_FEASIBILITY,True
PHASE4-MPS-20260721170405,SCHED-WIN-109,MAINT-CAND-013,M-FRAME-JIG-001,Frame Jig and Alignment Fixture,WS-FRAME-PREP,Frame Preparation Station,4.0,CRITICAL,CRITICAL,CRITICAL,6.06,CRITICAL,True,SHARED_STEP7G_MAINTENANCE_SCHEDULE_FEASIBILITY,True
PHASE4-MPS-20260721170405,SCHED-WIN-110,MAINT-CAND-013,M-FRAME-JIG-001,Frame Jig and Alignment Fixture,WS-FRAME-PREP,Frame Preparation Station,4.0,CRITICAL,CRITICAL,CRITICAL,6.06,CRITICAL,True,SHARED_STEP7G_MAINTENANCE_SCHEDULE_FEASIBILITY,True
PHASE4-MPS-20260721170405,SCHED-WIN-111,MAINT-CAND-013,M-FRAME-JIG-001,Frame Jig and Alignment Fixture,WS-FRAME-PREP,Frame Preparation Station,4.0,CRITICAL,CRITICAL,CRITICAL,6.06,CRITICAL,True,SHARED_STEP7G_MAINTENANCE_SCHEDULE_FEASIBILITY,True
PHASE4-MPS-20260721170405,SCHED-WIN-112,MAINT-CAND-013,M-FRAME-JIG-001,Frame Jig and Alignment Fixture,WS-FRAME-PREP,Frame Preparation Station,4.0,CRITICAL,CRITICAL,CRITICAL,6.06,CRITICAL,True,SHARED_STEP7G_MAINTENANCE_SCHEDULE_FEASIBILITY,True
PHASE4-MPS-20260721170405,SCHED-WIN-113,MAINT-CAND-013,M-FRAME-JIG-001,Frame Jig and Alignment Fixture,WS-FRAME-PREP,Frame Preparation Station,4.0,CRITICAL,CRITICAL,CRITICAL,6.06,CRITICAL,True,SHARED_STEP7G_MAINTENANCE_SCHEDULE_FEASIBILITY,True
PHASE4-MPS-20260721170405,SCHED-WIN-114,MAINT-CAND-013,M-FRAME-JIG-001,Frame Jig and Alignment Fixture,WS-FRAME-PREP,Frame Preparation Station,4.0,CRITICAL,CRITICAL,CRITICAL,6.06,CRITICAL,True,SHARED_STEP7G_MAINTENANCE_SCHEDULE_FEASIBILITY,True
PHASE4-MPS-20260721170405,SCHED-WIN-115,MAINT-CAND-013,M-FRAME-JIG-001,Frame Jig and Alignment Fixture,WS-FRAME-PREP,Frame Preparation Station,4.0,CRITICAL,CRITICAL,CRITICAL,6.06,CRITICAL,True,SHARED_STEP7G_MAINTENANCE_SCHEDULE_FEASIBILITY,True
PHASE4-MPS-20260721170405,SCHED-WIN-116,MAINT-CAND-014,M-FRAME-JIG-001,Frame Jig and Alignment Fixture,WS-FRAME-PREP,Frame Preparation Station,2.5,CRITICAL,CRITICAL,CRITICAL,6.06,CRITICAL,True,SHARED_STEP7G_MAINTENANCE_SCHEDULE_FEASIBILITY,True
PHASE4-MPS-20260721170405,SCHED-WIN-117,MAINT-CAND-014,M-FRAME-JIG-001,Frame Jig and Alignment Fixture,WS-FRAME-PREP,Frame Preparation Station,2.5,CRITICAL,CRITICAL,CRITICAL,6.06,CRITICAL,True,SHARED_STEP7G_MAINTENANCE_SCHEDULE_FEASIBILITY,True
PHASE4-MPS-20260721170405,SCHED-WIN-118,MAINT-CAND-014,M-FRAME-JIG-001,Frame Jig and Alignment Fixture,WS-FRAME-PREP,Frame Preparation Station,2.5,CRITICAL,CRITICAL,CRITICAL,6.06,CRITICAL,True,SHARED_STEP7G_MAINTENANCE_SCHEDULE_FEASIBILITY,True
PHASE4-MPS-20260721170405,SCHED-WIN-119,MAINT-CAND-014,M-FRAME-JIG-001,Frame Jig and Alignment Fixture,WS-FRAME-PREP,Frame Preparation Station,2.5,CRITICAL,CRITICAL,CRITICAL,6.06,CRITICAL,True,SHARED_STEP7G_MAINTENANCE_SCHEDULE_FEASIBILITY,True
PHASE4-MPS-20260721170405,SCHED-WIN-120,MAINT-CAND-014,M-FRAME-JIG-001,Frame Jig and Alignment Fixture,WS-FRAME-PREP,Frame Preparation Station,2.5,CRITICAL,CRITICAL,CRITICAL,6.06,CRITICAL,True,SHARED_STEP7G_MAINTENANCE_SCHEDULE_FEASIBILITY,True
PHASE4-MPS-20260721170405,SCHED-WIN-121,MAINT-CAND-014,M-FRAME-JIG-001,Frame Jig and Alignment Fixture,WS-FRAME-PREP,Frame Preparation Station,2.5,CRITICAL,CRITICAL,CRITICAL,6.06,CRITICAL,True,SHARED_STEP7G_MAINTENANCE_SCHEDULE_FEASIBILITY,True
PHASE4-MPS-20260721170405,SCHED-WIN-122,MAINT-CAND-014,M-FRAME-JIG-001,Frame Jig and Alignment Fixture,WS-FRAME-PREP,Frame Preparation Station,2.5,CRITICAL,CRITICAL,CRITICAL,6.06,CRITICAL,True,SHARED_STEP7G_MAINTENANCE_SCHEDULE_FEASIBILITY,True
PHASE4-MPS-20260721170405,SCHED-WIN-123,MAINT-CAND-014,M-FRAME-JIG-001,Frame Jig and Alignment Fixture,WS-FRAME-PREP,Frame Preparation Station,2.5,CRITICAL,CRITICAL,CRITICAL,6.06,CRITICAL,True,SHARED_STEP7G_MAINTENANCE_SCHEDULE_FEASIBILITY,True
PHASE4-MPS-20260721170405,SCHED-WIN-124,MAINT-CAND-014,M-FRAME-JIG-001,Frame Jig and Alignment Fixture,WS-FRAME-PREP,Frame Preparation Station,2.5,CRITICAL,CRITICAL,CRITICAL,6.06,CRITICAL,True,SHARED_STEP7G_MAINTENANCE_SCHEDULE_FEASIBILITY,True
PHASE4-MPS-20260721170405,SCHED-WIN-125,MAINT-CAND-014,M-FRAME-JIG-001,Frame Jig and Alignment Fixture,WS-FRAME-PREP,Frame Preparation Station,2.5,CRITICAL,CRITICAL,CRITICAL,6.06,CRITICAL,True,SHARED_STEP7G_MAINTENANCE_SCHEDULE_FEASIBILITY,True
PHASE4-MPS-20260721170405,SCHED-WIN-126,MAINT-CAND-015,M-WHEEL-TRUE-001,Wheel Truing Stand,WS-WHEEL-SUB,Wheel Subassembly Station,3.5,CRITICAL,CRITICAL,CRITICAL,4.12,CRITICAL,True,SHARED_STEP7G_MAINTENANCE_SCHEDULE_FEASIBILITY,True
PHASE4-MPS-20260721170405,SCHED-WIN-127,MAINT-CAND-015,M-WHEEL-TRUE-001,Wheel Truing Stand,WS-WHEEL-SUB,Wheel Subassembly Station,3.5,CRITICAL,CRITICAL,CRITICAL,4.12,CRITICAL,True,SHARED_STEP7G_MAINTENANCE_SCHEDULE_FEASIBILITY,True
PHASE4-MPS-20260721170405,SCHED-WIN-128,MAINT-CAND-015,M-WHEEL-TRUE-001,Wheel Truing Stand,WS-WHEEL-SUB,Wheel Subassembly Station,3.5,CRITICAL,CRITICAL,CRITICAL,4.12,CRITICAL,True,SHARED_STEP7G_MAINTENANCE_SCHEDULE_FEASIBILITY,True
PHASE4-MPS-20260721170405,SCHED-WIN-129,MAINT-CAND-015,M-WHEEL-TRUE-001,Wheel Truing Stand,WS-WHEEL-SUB,Wheel Subassembly Station,3.5,CRITICAL,CRITICAL,CRITICAL,4.12,CRITICAL,True,SHARED_STEP7G_MAINTENANCE_SCHEDULE_FEASIBILITY,True
PHASE4-MPS-20260721170405,SCHED-WIN-130,MAINT-CAND-015,M-WHEEL-TRUE-001,Wheel Truing Stand,WS-WHEEL-SUB,Wheel Subassembly Station,3.5,CRITICAL,CRITICAL,CRITICAL,4.12,CRITICAL,True,SHARED_STEP7G_MAINTENANCE_SCHEDULE_FEASIBILITY,True
PHASE4-MPS-20260721170405,SCHED-WIN-131,MAINT-CAND-015,M-WHEEL-TRUE-001,Wheel Truing Stand,WS-WHEEL-SUB,Wheel Subassembly Station,3.5,CRITICAL,CRITICAL,CRITICAL,4.12,CRITICAL,True,SHARED_STEP7G_MAINTENANCE_SCHEDULE_FEASIBILITY,True
PHASE4-MPS-20260721170405,SCHED-WIN-132,MAINT-CAND-015,M-WHEEL-TRUE-001,Wheel Truing Stand,WS-WHEEL-SUB,Wheel Subassembly Station,3.5,CRITICAL,CRITICAL,CRITICAL,4.12,CRITICAL,True,SHARED_STEP7G_MAINTENANCE_SCHEDULE_FEASIBILITY,True
PHASE4-MPS-20260721170405,SCHED-WIN-133,MAINT-CAND-015,M-WHEEL-TRUE-001,Wheel Truing Stand,WS-WHEEL-SUB,Wheel Subassembly Station,3.5,CRITICAL,CRITICAL,CRITICAL,4.12,CRITICAL,True,SHARED_STEP7G_MAINTENANCE_SCHEDULE_FEASIBILITY,True
PHASE4-MPS-20260721170405,SCHED-WIN-134,MAINT-CAND-015,M-WHEEL-TRUE-001,Wheel Truing Stand,WS-WHEEL-SUB,Wheel Subassembly Station,3.5,CRITICAL,CRITICAL,CRITICAL,4.12,CRITICAL,True,SHARED_STEP7G_MAINTENANCE_SCHEDULE_FEASIBILITY,True
PHASE4-MPS-20260721170405,SCHED-WIN-135,MAINT-CAND-015,M-WHEEL-TRUE-001,Wheel Truing Stand,WS-WHEEL-SUB,Wheel Subassembly Station,3.5,CRITICAL,CRITICAL,CRITICAL,4.12,CRITICAL,True,SHARED_STEP7G_MAINTENANCE_SCHEDULE_FEASIBILITY,True
PHASE4-MPS-20260721170405,SCHED-WIN-136,MAINT-CAND-016,M-WHEEL-TRUE-001,Wheel Truing Stand,WS-WHEEL-SUB,Wheel Subassembly Station,2.0,CRITICAL,CRITICAL,CRITICAL,4.12,CRITICAL,True,SHARED_STEP7G_MAINTENANCE_SCHEDULE_FEASIBILITY,True
PHASE4-MPS-20260721170405,SCHED-WIN-137,MAINT-CAND-016,M-WHEEL-TRUE-001,Wheel Truing Stand,WS-WHEEL-SUB,Wheel Subassembly Station,2.0,CRITICAL,CRITICAL,CRITICAL,4.12,CRITICAL,True,SHARED_STEP7G_MAINTENANCE_SCHEDULE_FEASIBILITY,True
PHASE4-MPS-20260721170405,SCHED-WIN-138,MAINT-CAND-016,M-WHEEL-TRUE-001,Wheel Truing Stand,WS-WHEEL-SUB,Wheel Subassembly Station,2.0,CRITICAL,CRITICAL,CRITICAL,4.12,CRITICAL,True,SHARED_STEP7G_MAINTENANCE_SCHEDULE_FEASIBILITY,True
PHASE4-MPS-20260721170405,SCHED-WIN-139,MAINT-CAND-016,M-WHEEL-TRUE-001,Wheel Truing Stand,WS-WHEEL-SUB,Wheel Subassembly Station,2.0,CRITICAL,CRITICAL,CRITICAL,4.12,CRITICAL,True,SHARED_STEP7G_MAINTENANCE_SCHEDULE_FEASIBILITY,True
PHASE4-MPS-20260721170405,SCHED-WIN-140,MAINT-CAND-016,M-WHEEL-TRUE-001,Wheel Truing Stand,WS-WHEEL-SUB,Wheel Subassembly Station,2.0,CRITICAL,CRITICAL,CRITICAL,4.12,CRITICAL,True,SHARED_STEP7G_MAINTENANCE_SCHEDULE_FEASIBILITY,True
PHASE4-MPS-20260721170405,SCHED-WIN-141,MAINT-CAND-017,M-BRAKE-BENCH-001,Brake Assembly Bench and Tooling,WS-BRAKE-SUB,Brake Subassembly Station,1.8,HIGH,CRITICAL,CRITICAL,2.41,CRITICAL,True,SHARED_STEP7G_MAINTENANCE_SCHEDULE_FEASIBILITY,True
PHASE4-MPS-20260721170405,SCHED-WIN-142,MAINT-CAND-017,M-BRAKE-BENCH-001,Brake Assembly Bench and Tooling,WS-BRAKE-SUB,Brake Subassembly Station,1.8,HIGH,CRITICAL,CRITICAL,2.41,CRITICAL,True,SHARED_STEP7G_MAINTENANCE_SCHEDULE_FEASIBILITY,True
PHASE4-MPS-20260721170405,SCHED-WIN-143,MAINT-CAND-017,M-BRAKE-BENCH-001,Brake Assembly Bench and Tooling,WS-BRAKE-SUB,Brake Subassembly Station,1.8,HIGH,CRITICAL,CRITICAL,2.41,CRITICAL,True,SHARED_STEP7G_MAINTENANCE_SCHEDULE_FEASIBILITY,True
PHASE4-MPS-20260721170405,SCHED-WIN-144,MAINT-CAND-017,M-BRAKE-BENCH-001,Brake Assembly Bench and Tooling,WS-BRAKE-SUB,Brake Subassembly Station,1.8,HIGH,CRITICAL,CRITICAL,2.41,CRITICAL,True,SHARED_STEP7G_MAINTENANCE_SCHEDULE_FEASIBILITY,True
PHASE4-MPS-20260721170405,SCHED-WIN-145,MAINT-CAND-017,M-BRAKE-BENCH-001,Brake Assembly Bench and Tooling,WS-BRAKE-SUB,Brake Subassembly Station,1.8,HIGH,CRITICAL,CRITICAL,2.41,CRITICAL,True,SHARED_STEP7G_MAINTENANCE_SCHEDULE_FEASIBILITY,True
PHASE4-MPS-20260721170405,SCHED-WIN-146,MAINT-CAND-018,M-BRAKE-BENCH-001,Brake Assembly Bench and Tooling,WS-BRAKE-SUB,Brake Subassembly Station,3.0,HIGH,CRITICAL,CRITICAL,2.41,CRITICAL,True,SHARED_STEP7G_MAINTENANCE_SCHEDULE_FEASIBILITY,True
PHASE4-MPS-20260721170405,SCHED-WIN-147,MAINT-CAND-018,M-BRAKE-BENCH-001,Brake Assembly Bench and Tooling,WS-BRAKE-SUB,Brake Subassembly Station,3.0,HIGH,CRITICAL,CRITICAL,2.41,CRITICAL,True,SHARED_STEP7G_MAINTENANCE_SCHEDULE_FEASIBILITY,True
PHASE4-MPS-20260721170405,SCHED-WIN-148,MAINT-CAND-018,M-BRAKE-BENCH-001,Brake Assembly Bench and Tooling,WS-BRAKE-SUB,Brake Subassembly Station,3.0,HIGH,CRITICAL,CRITICAL,2.41,CRITICAL,True,SHARED_STEP7G_MAINTENANCE_SCHEDULE_FEASIBILITY,True
PHASE4-MPS-20260721170405,SCHED-WIN-149,MAINT-CAND-018,M-BRAKE-BENCH-001,Brake Assembly Bench and Tooling,WS-BRAKE-SUB,Brake Subassembly Station,3.0,HIGH,CRITICAL,CRITICAL,2.41,CRITICAL,True,SHARED_STEP7G_MAINTENANCE_SCHEDULE_FEASIBILITY,True
PHASE4-MPS-20260721170405,SCHED-WIN-150,MAINT-CAND-018,M-BRAKE-BENCH-001,Brake Assembly Bench and Tooling,WS-BRAKE-SUB,Brake Subassembly Station,3.0,HIGH,CRITICAL,CRITICAL,2.41,CRITICAL,True,SHARED_STEP7G_MAINTENANCE_SCHEDULE_FEASIBILITY,True
PHASE4-MPS-20260721170405,SCHED-WIN-151,MAINT-CAND-018,M-BRAKE-BENCH-001,Brake Assembly Bench and Tooling,WS-BRAKE-SUB,Brake Subassembly Station,3.0,HIGH,CRITICAL,CRITICAL,2.41,CRITICAL,True,SHARED_STEP7G_MAINTENANCE_SCHEDULE_FEASIBILITY,True
PHASE4-MPS-20260721170405,SCHED-WIN-152,MAINT-CAND-018,M-BRAKE-BENCH-001,Brake Assembly Bench and Tooling,WS-BRAKE-SUB,Brake Subassembly Station,3.0,HIGH,CRITICAL,CRITICAL,2.41,CRITICAL,True,SHARED_STEP7G_MAINTENANCE_SCHEDULE_FEASIBILITY,True
PHASE4-MPS-20260721170405,SCHED-WIN-153,MAINT-CAND-018,M-BRAKE-BENCH-001,Brake Assembly Bench and Tooling,WS-BRAKE-SUB,Brake Subassembly Station,3.0,HIGH,CRITICAL,CRITICAL,2.41,CRITICAL,True,SHARED_STEP7G_MAINTENANCE_SCHEDULE_FEASIBILITY,True
PHASE4-MPS-20260721170405,SCHED-WIN-154,MAINT-CAND-018,M-BRAKE-BENCH-001,Brake Assembly Bench and Tooling,WS-BRAKE-SUB,Brake Subassembly Station,3.0,HIGH,CRITICAL,CRITICAL,2.41,CRITICAL,True,SHARED_STEP7G_MAINTENANCE_SCHEDULE_FEASIBILITY,True
PHASE4-MPS-20260721170405,SCHED-WIN-155,MAINT-CAND-018,M-BRAKE-BENCH-001,Brake Assembly Bench and Tooling,WS-BRAKE-SUB,Brake Subassembly Station,3.0,HIGH,CRITICAL,CRITICAL,2.41,CRITICAL,True,SHARED_STEP7G_MAINTENANCE_SCHEDULE_FEASIBILITY,True
PHASE4-MPS-20260721170405,SCHED-WIN-156,MAINT-CAND-019,M-FORK-BENCH-001,Fork and Suspension Prep Bench,WS-FORK-SUSP,Fork and Suspension Prep Station,4.5,HIGH,CRITICAL,CRITICAL,2.47,CRITICAL,True,SHARED_STEP7G_MAINTENANCE_SCHEDULE_FEASIBILITY,True
PHASE4-MPS-20260721170405,SCHED-WIN-157,MAINT-CAND-019,M-FORK-BENCH-001,Fork and Suspension Prep Bench,WS-FORK-SUSP,Fork and Suspension Prep Station,4.5,HIGH,CRITICAL,CRITICAL,2.47,CRITICAL,True,SHARED_STEP7G_MAINTENANCE_SCHEDULE_FEASIBILITY,True
PHASE4-MPS-20260721170405,SCHED-WIN-158,MAINT-CAND-019,M-FORK-BENCH-001,Fork and Suspension Prep Bench,WS-FORK-SUSP,Fork and Suspension Prep Station,4.5,HIGH,CRITICAL,CRITICAL,2.47,CRITICAL,True,SHARED_STEP7G_MAINTENANCE_SCHEDULE_FEASIBILITY,True
PHASE4-MPS-20260721170405,SCHED-WIN-159,MAINT-CAND-019,M-FORK-BENCH-001,Fork and Suspension Prep Bench,WS-FORK-SUSP,Fork and Suspension Prep Station,4.5,HIGH,CRITICAL,CRITICAL,2.47,CRITICAL,True,SHARED_STEP7G_MAINTENANCE_SCHEDULE_FEASIBILITY,True
PHASE4-MPS-20260721170405,SCHED-WIN-160,MAINT-CAND-019,M-FORK-BENCH-001,Fork and Suspension Prep Bench,WS-FORK-SUSP,Fork and Suspension Prep Station,4.5,HIGH,CRITICAL,CRITICAL,2.47,CRITICAL,True,SHARED_STEP7G_MAINTENANCE_SCHEDULE_FEASIBILITY,True
PHASE4-MPS-20260721170405,SCHED-WIN-161,MAINT-CAND-019,M-FORK-BENCH-001,Fork and Suspension Prep Bench,WS-FORK-SUSP,Fork and Suspension Prep Station,4.5,HIGH,CRITICAL,CRITICAL,2.47,CRITICAL,True,SHARED_STEP7G_MAINTENANCE_SCHEDULE_FEASIBILITY,True
PHASE4-MPS-20260721170405,SCHED-WIN-162,MAINT-CAND-019,M-FORK-BENCH-001,Fork and Suspension Prep Bench,WS-FORK-SUSP,Fork and Suspension Prep Station,4.5,HIGH,CRITICAL,CRITICAL,2.47,CRITICAL,True,SHARED_STEP7G_MAINTENANCE_SCHEDULE_FEASIBILITY,True
PHASE4-MPS-20260721170405,SCHED-WIN-163,MAINT-CAND-019,M-FORK-BENCH-001,Fork and Suspension Prep Bench,WS-FORK-SUSP,Fork and Suspension Prep Station,4.5,HIGH,CRITICAL,CRITICAL,2.47,CRITICAL,True,SHARED_STEP7G_MAINTENANCE_SCHEDULE_FEASIBILITY,True
PHASE4-MPS-20260721170405,SCHED-WIN-164,MAINT-CAND-019,M-FORK-BENCH-001,Fork and Suspension Prep Bench,WS-FORK-SUSP,Fork and Suspension Prep Station,4.5,HIGH,CRITICAL,CRITICAL,2.47,CRITICAL,True,SHARED_STEP7G_MAINTENANCE_SCHEDULE_FEASIBILITY,True
PHASE4-MPS-20260721170405,SCHED-WIN-165,MAINT-CAND-019,M-FORK-BENCH-001,Fork and Suspension Prep Bench,WS-FORK-SUSP,Fork and Suspension Prep Station,4.5,HIGH,CRITICAL,CRITICAL,2.47,CRITICAL,True,SHARED_STEP7G_MAINTENANCE_SCHEDULE_FEASIBILITY,True
PHASE4-MPS-20260721170405,SCHED-WIN-166,MAINT-CAND-020,M-FORK-BENCH-001,Fork and Suspension Prep Bench,WS-FORK-SUSP,Fork and Suspension Prep Station,2.0,HIGH,CRITICAL,CRITICAL,2.47,CRITICAL,True,SHARED_STEP7G_MAINTENANCE_SCHEDULE_FEASIBILITY,True
PHASE4-MPS-20260721170405,SCHED-WIN-167,MAINT-CAND-020,M-FORK-BENCH-001,Fork and Suspension Prep Bench,WS-FORK-SUSP,Fork and Suspension Prep Station,2.0,HIGH,CRITICAL,CRITICAL,2.47,CRITICAL,True,SHARED_STEP7G_MAINTENANCE_SCHEDULE_FEASIBILITY,True
PHASE4-MPS-20260721170405,SCHED-WIN-168,MAINT-CAND-020,M-FORK-BENCH-001,Fork and Suspension Prep Bench,WS-FORK-SUSP,Fork and Suspension Prep Station,2.0,HIGH,CRITICAL,CRITICAL,2.47,CRITICAL,True,SHARED_STEP7G_MAINTENANCE_SCHEDULE_FEASIBILITY,True
PHASE4-MPS-20260721170405,SCHED-WIN-169,MAINT-CAND-020,M-FORK-BENCH-001,Fork and Suspension Prep Bench,WS-FORK-SUSP,Fork and Suspension Prep Station,2.0,HIGH,CRITICAL,CRITICAL,2.47,CRITICAL,True,SHARED_STEP7G_MAINTENANCE_SCHEDULE_FEASIBILITY,True
PHASE4-MPS-20260721170405,SCHED-WIN-170,MAINT-CAND-020,M-FORK-BENCH-001,Fork and Suspension Prep Bench,WS-FORK-SUSP,Fork and Suspension Prep Station,2.0,HIGH,CRITICAL,CRITICAL,2.47,CRITICAL,True,SHARED_STEP7G_MAINTENANCE_SCHEDULE_FEASIBILITY,True
PHASE4-MPS-20260721170405,SCHED-WIN-171,MAINT-CAND-020,M-FORK-BENCH-001,Fork and Suspension Prep Bench,WS-FORK-SUSP,Fork and Suspension Prep Station,2.0,HIGH,CRITICAL,CRITICAL,2.47,CRITICAL,True,SHARED_STEP7G_MAINTENANCE_SCHEDULE_FEASIBILITY,True
PHASE4-MPS-20260721170405,SCHED-WIN-172,MAINT-CAND-020,M-FORK-BENCH-001,Fork and Suspension Prep Bench,WS-FORK-SUSP,Fork and Suspension Prep Station,2.0,HIGH,CRITICAL,CRITICAL,2.47,CRITICAL,True,SHARED_STEP7G_MAINTENANCE_SCHEDULE_FEASIBILITY,True
PHASE4-MPS-20260721170405,SCHED-WIN-173,MAINT-CAND-020,M-FORK-BENCH-001,Fork and Suspension Prep Bench,WS-FORK-SUSP,Fork and Suspension Prep Station,2.0,HIGH,CRITICAL,CRITICAL,2.47,CRITICAL,True,SHARED_STEP7G_MAINTENANCE_SCHEDULE_FEASIBILITY,True
PHASE4-MPS-20260721170405,SCHED-WIN-174,MAINT-CAND-020,M-FORK-BENCH-001,Fork and Suspension Prep Bench,WS-FORK-SUSP,Fork and Suspension Prep Station,2.0,HIGH,CRITICAL,CRITICAL,2.47,CRITICAL,True,SHARED_STEP7G_MAINTENANCE_SCHEDULE_FEASIBILITY,True
PHASE4-MPS-20260721170405,SCHED-WIN-175,MAINT-CAND-020,M-FORK-BENCH-001,Fork and Suspension Prep Bench,WS-FORK-SUSP,Fork and Suspension Prep Station,2.0,HIGH,CRITICAL,CRITICAL,2.47,CRITICAL,True,SHARED_STEP7G_MAINTENANCE_SCHEDULE_FEASIBILITY,True
PHASE4-MPS-20260721170405,SCHED-WIN-176,MAINT-CAND-021,M-FINAL-STAND-001,Final Assembly Stand,WS-FINAL-ASM,Final Assembly Station,6.0,CRITICAL,CRITICAL,CRITICAL,10.05,CRITICAL,True,SHARED_STEP7G_MAINTENANCE_SCHEDULE_FEASIBILITY,True
PHASE4-MPS-20260721170405,SCHED-WIN-177,MAINT-CAND-021,M-FINAL-STAND-001,Final Assembly Stand,WS-FINAL-ASM,Final Assembly Station,6.0,CRITICAL,CRITICAL,CRITICAL,10.05,CRITICAL,True,SHARED_STEP7G_MAINTENANCE_SCHEDULE_FEASIBILITY,True
PHASE4-MPS-20260721170405,SCHED-WIN-178,MAINT-CAND-021,M-FINAL-STAND-001,Final Assembly Stand,WS-FINAL-ASM,Final Assembly Station,6.0,CRITICAL,CRITICAL,CRITICAL,10.05,CRITICAL,True,SHARED_STEP7G_MAINTENANCE_SCHEDULE_FEASIBILITY,True
PHASE4-MPS-20260721170405,SCHED-WIN-179,MAINT-CAND-021,M-FINAL-STAND-001,Final Assembly Stand,WS-FINAL-ASM,Final Assembly Station,6.0,CRITICAL,CRITICAL,CRITICAL,10.05,CRITICAL,True,SHARED_STEP7G_MAINTENANCE_SCHEDULE_FEASIBILITY,True
PHASE4-MPS-20260721170405,SCHED-WIN-180,MAINT-CAND-021,M-FINAL-STAND-001,Final Assembly Stand,WS-FINAL-ASM,Final Assembly Station,6.0,CRITICAL,CRITICAL,CRITICAL,10.05,CRITICAL,True,SHARED_STEP7G_MAINTENANCE_SCHEDULE_FEASIBILITY,True
PHASE4-MPS-20260721170405,SCHED-WIN-181,MAINT-CAND-022,M-FINAL-STAND-001,Final Assembly Stand,WS-FINAL-ASM,Final Assembly Station,3.5,CRITICAL,CRITICAL,CRITICAL,10.05,CRITICAL,True,SHARED_STEP7G_MAINTENANCE_SCHEDULE_FEASIBILITY,True
PHASE4-MPS-20260721170405,SCHED-WIN-182,MAINT-CAND-022,M-FINAL-STAND-001,Final Assembly Stand,WS-FINAL-ASM,Final Assembly Station,3.5,CRITICAL,CRITICAL,CRITICAL,10.05,CRITICAL,True,SHARED_STEP7G_MAINTENANCE_SCHEDULE_FEASIBILITY,True
PHASE4-MPS-20260721170405,SCHED-WIN-183,MAINT-CAND-022,M-FINAL-STAND-001,Final Assembly Stand,WS-FINAL-ASM,Final Assembly Station,3.5,CRITICAL,CRITICAL,CRITICAL,10.05,CRITICAL,True,SHARED_STEP7G_MAINTENANCE_SCHEDULE_FEASIBILITY,True
PHASE4-MPS-20260721170405,SCHED-WIN-184,MAINT-CAND-022,M-FINAL-STAND-001,Final Assembly Stand,WS-FINAL-ASM,Final Assembly Station,3.5,CRITICAL,CRITICAL,CRITICAL,10.05,CRITICAL,True,SHARED_STEP7G_MAINTENANCE_SCHEDULE_FEASIBILITY,True
PHASE4-MPS-20260721170405,SCHED-WIN-185,MAINT-CAND-022,M-FINAL-STAND-001,Final Assembly Stand,WS-FINAL-ASM,Final Assembly Station,3.5,CRITICAL,CRITICAL,CRITICAL,10.05,CRITICAL,True,SHARED_STEP7G_MAINTENANCE_SCHEDULE_FEASIBILITY,True
PHASE4-MPS-20260721170405,SCHED-WIN-186,MAINT-CAND-022,M-FINAL-STAND-001,Final Assembly Stand,WS-FINAL-ASM,Final Assembly Station,3.5,CRITICAL,CRITICAL,CRITICAL,10.05,CRITICAL,True,SHARED_STEP7G_MAINTENANCE_SCHEDULE_FEASIBILITY,True
PHASE4-MPS-20260721170405,SCHED-WIN-187,MAINT-CAND-022,M-FINAL-STAND-001,Final Assembly Stand,WS-FINAL-ASM,Final Assembly Station,3.5,CRITICAL,CRITICAL,CRITICAL,10.05,CRITICAL,True,SHARED_STEP7G_MAINTENANCE_SCHEDULE_FEASIBILITY,True
PHASE4-MPS-20260721170405,SCHED-WIN-188,MAINT-CAND-022,M-FINAL-STAND-001,Final Assembly Stand,WS-FINAL-ASM,Final Assembly Station,3.5,CRITICAL,CRITICAL,CRITICAL,10.05,CRITICAL,True,SHARED_STEP7G_MAINTENANCE_SCHEDULE_FEASIBILITY,True
PHASE4-MPS-20260721170405,SCHED-WIN-189,MAINT-CAND-022,M-FINAL-STAND-001,Final Assembly Stand,WS-FINAL-ASM,Final Assembly Station,3.5,CRITICAL,CRITICAL,CRITICAL,10.05,CRITICAL,True,SHARED_STEP7G_MAINTENANCE_SCHEDULE_FEASIBILITY,True
PHASE4-MPS-20260721170405,SCHED-WIN-190,MAINT-CAND-022,M-FINAL-STAND-001,Final Assembly Stand,WS-FINAL-ASM,Final Assembly Station,3.5,CRITICAL,CRITICAL,CRITICAL,10.05,CRITICAL,True,SHARED_STEP7G_MAINTENANCE_SCHEDULE_FEASIBILITY,True
PHASE4-MPS-20260721170405,SCHED-WIN-191,MAINT-CAND-023,M-QC-TOOLS-001,QC Inspection Tool Set,WS-QC,Final Quality Control Station,2.5,HIGH,CRITICAL,CRITICAL,3.01,CRITICAL,True,SHARED_STEP7G_MAINTENANCE_SCHEDULE_FEASIBILITY,True
PHASE4-MPS-20260721170405,SCHED-WIN-192,MAINT-CAND-023,M-QC-TOOLS-001,QC Inspection Tool Set,WS-QC,Final Quality Control Station,2.5,HIGH,CRITICAL,CRITICAL,3.01,CRITICAL,True,SHARED_STEP7G_MAINTENANCE_SCHEDULE_FEASIBILITY,True
PHASE4-MPS-20260721170405,SCHED-WIN-193,MAINT-CAND-023,M-QC-TOOLS-001,QC Inspection Tool Set,WS-QC,Final Quality Control Station,2.5,HIGH,CRITICAL,CRITICAL,3.01,CRITICAL,True,SHARED_STEP7G_MAINTENANCE_SCHEDULE_FEASIBILITY,True
PHASE4-MPS-20260721170405,SCHED-WIN-194,MAINT-CAND-023,M-QC-TOOLS-001,QC Inspection Tool Set,WS-QC,Final Quality Control Station,2.5,HIGH,CRITICAL,CRITICAL,3.01,CRITICAL,True,SHARED_STEP7G_MAINTENANCE_SCHEDULE_FEASIBILITY,True
PHASE4-MPS-20260721170405,SCHED-WIN-195,MAINT-CAND-023,M-QC-TOOLS-001,QC Inspection Tool Set,WS-QC,Final Quality Control Station,2.5,HIGH,CRITICAL,CRITICAL,3.01,CRITICAL,True,SHARED_STEP7G_MAINTENANCE_SCHEDULE_FEASIBILITY,True
PHASE4-MPS-20260721170405,SCHED-WIN-196,MAINT-CAND-024,M-QC-TOOLS-001,QC Inspection Tool Set,WS-QC,Final Quality Control Station,5.0,HIGH,CRITICAL,CRITICAL,3.01,CRITICAL,True,SHARED_STEP7G_MAINTENANCE_SCHEDULE_FEASIBILITY,True
PHASE4-MPS-20260721170405,SCHED-WIN-197,MAINT-CAND-024,M-QC-TOOLS-001,QC Inspection Tool Set,WS-QC,Final Quality Control Station,5.0,HIGH,CRITICAL,CRITICAL,3.01,CRITICAL,True,SHARED_STEP7G_MAINTENANCE_SCHEDULE_FEASIBILITY,True
PHASE4-MPS-20260721170405,SCHED-WIN-198,MAINT-CAND-024,M-QC-TOOLS-001,QC Inspection Tool Set,WS-QC,Final Quality Control Station,5.0,HIGH,CRITICAL,CRITICAL,3.01,CRITICAL,True,SHARED_STEP7G_MAINTENANCE_SCHEDULE_FEASIBILITY,True
PHASE4-MPS-20260721170405,SCHED-WIN-199,MAINT-CAND-024,M-QC-TOOLS-001,QC Inspection Tool Set,WS-QC,Final Quality Control Station,5.0,HIGH,CRITICAL,CRITICAL,3.01,CRITICAL,True,SHARED_STEP7G_MAINTENANCE_SCHEDULE_FEASIBILITY,True
PHASE4-MPS-20260721170405,SCHED-WIN-200,MAINT-CAND-024,M-QC-TOOLS-001,QC Inspection Tool Set,WS-QC,Final Quality Control Station,5.0,HIGH,CRITICAL,CRITICAL,3.01,CRITICAL,True,SHARED_STEP7G_MAINTENANCE_SCHEDULE_FEASIBILITY,True
PHASE4-MPS-20260721170405,SCHED-WIN-201,MAINT-CAND-024,M-QC-TOOLS-001,QC Inspection Tool Set,WS-QC,Final Quality Control Station,5.0,HIGH,CRITICAL,CRITICAL,3.01,CRITICAL,True,SHARED_STEP7G_MAINTENANCE_SCHEDULE_FEASIBILITY,True
PHASE4-MPS-20260721170405,SCHED-WIN-202,MAINT-CAND-024,M-QC-TOOLS-001,QC Inspection Tool Set,WS-QC,Final Quality Control Station,5.0,HIGH,CRITICAL,CRITICAL,3.01,CRITICAL,True,SHARED_STEP7G_MAINTENANCE_SCHEDULE_FEASIBILITY,True
PHASE4-MPS-20260721170405,SCHED-WIN-203,MAINT-CAND-024,M-QC-TOOLS-001,QC Inspection Tool Set,WS-QC,Final Quality Control Station,5.0,HIGH,CRITICAL,CRITICAL,3.01,CRITICAL,True,SHARED_STEP7G_MAINTENANCE_SCHEDULE_FEASIBILITY,True
PHASE4-MPS-20260721170405,SCHED-WIN-204,MAINT-CAND-024,M-QC-TOOLS-001,QC Inspection Tool Set,WS-QC,Final Quality Control Station,5.0,HIGH,CRITICAL,CRITICAL,3.01,CRITICAL,True,SHARED_STEP7G_MAINTENANCE_SCHEDULE_FEASIBILITY,True
PHASE4-MPS-20260721170405,SCHED-WIN-205,MAINT-CAND-024,M-QC-TOOLS-001,QC Inspection Tool Set,WS-QC,Final Quality Control Station,5.0,HIGH,CRITICAL,CRITICAL,3.01,CRITICAL,True,SHARED_STEP7G_MAINTENANCE_SCHEDULE_FEASIBILITY,True
PHASE4-MPS-20260721170405,SCHED-WIN-206,MAINT-CAND-025,M-PACK-BENCH-001,Packaging Bench and Tool Set,WS-PACK,Packaging Station,1.0,HIGH,CRITICAL,HIGH,1.08,CRITICAL,True,SHARED_STEP7G_MAINTENANCE_SCHEDULE_FEASIBILITY,True
PHASE4-MPS-20260721170405,SCHED-WIN-207,MAINT-CAND-025,M-PACK-BENCH-001,Packaging Bench and Tool Set,WS-PACK,Packaging Station,1.0,HIGH,CRITICAL,HIGH,1.08,CRITICAL,True,SHARED_STEP7G_MAINTENANCE_SCHEDULE_FEASIBILITY,True
PHASE4-MPS-20260721170405,SCHED-WIN-208,MAINT-CAND-025,M-PACK-BENCH-001,Packaging Bench and Tool Set,WS-PACK,Packaging Station,1.0,HIGH,CRITICAL,HIGH,1.08,CRITICAL,True,SHARED_STEP7G_MAINTENANCE_SCHEDULE_FEASIBILITY,True
PHASE4-MPS-20260721170405,SCHED-WIN-209,MAINT-CAND-025,M-PACK-BENCH-001,Packaging Bench and Tool Set,WS-PACK,Packaging Station,1.0,HIGH,CRITICAL,HIGH,1.08,CRITICAL,True,SHARED_STEP7G_MAINTENANCE_SCHEDULE_FEASIBILITY,True
PHASE4-MPS-20260721170405,SCHED-WIN-210,MAINT-CAND-025,M-PACK-BENCH-001,Packaging Bench and Tool Set,WS-PACK,Packaging Station,1.0,HIGH,CRITICAL,HIGH,1.08,CRITICAL,True,SHARED_STEP7G_MAINTENANCE_SCHEDULE_FEASIBILITY,True
PHASE4-MPS-20260721170405,SCHED-WIN-211,MAINT-CAND-025,M-PACK-BENCH-001,Packaging Bench and Tool Set,WS-PACK,Packaging Station,1.0,HIGH,CRITICAL,HIGH,1.08,CRITICAL,True,SHARED_STEP7G_MAINTENANCE_SCHEDULE_FEASIBILITY,True
PHASE4-MPS-20260721170405,SCHED-WIN-212,MAINT-CAND-025,M-PACK-BENCH-001,Packaging Bench and Tool Set,WS-PACK,Packaging Station,1.0,HIGH,CRITICAL,HIGH,1.08,CRITICAL,True,SHARED_STEP7G_MAINTENANCE_SCHEDULE_FEASIBILITY,True
PHASE4-MPS-20260721170405,SCHED-WIN-213,MAINT-CAND-025,M-PACK-BENCH-001,Packaging Bench and Tool Set,WS-PACK,Packaging Station,1.0,HIGH,CRITICAL,HIGH,1.08,CRITICAL,True,SHARED_STEP7G_MAINTENANCE_SCHEDULE_FEASIBILITY,True
PHASE4-MPS-20260721170405,SCHED-WIN-214,MAINT-CAND-025,M-PACK-BENCH-001,Packaging Bench and Tool Set,WS-PACK,Packaging Station,1.0,HIGH,CRITICAL,HIGH,1.08,CRITICAL,True,SHARED_STEP7G_MAINTENANCE_SCHEDULE_FEASIBILITY,True
PHASE4-MPS-20260721170405,SCHED-WIN-215,MAINT-CAND-025,M-PACK-BENCH-001,Packaging Bench and Tool Set,WS-PACK,Packaging Station,1.0,HIGH,CRITICAL,HIGH,1.08,CRITICAL,True,SHARED_STEP7G_MAINTENANCE_SCHEDULE_FEASIBILITY,True
PHASE4-MPS-20260721170405,SCHED-WIN-216,MAINT-CAND-026,M-PACK-BENCH-001,Packaging Bench and Tool Set,WS-PACK,Packaging Station,2.5,HIGH,CRITICAL,HIGH,1.08,CRITICAL,True,SHARED_STEP7G_MAINTENANCE_SCHEDULE_FEASIBILITY,True
PHASE4-MPS-20260721170405,SCHED-WIN-217,MAINT-CAND-026,M-PACK-BENCH-001,Packaging Bench and Tool Set,WS-PACK,Packaging Station,2.5,HIGH,CRITICAL,HIGH,1.08,CRITICAL,True,SHARED_STEP7G_MAINTENANCE_SCHEDULE_FEASIBILITY,True
PHASE4-MPS-20260721170405,SCHED-WIN-218,MAINT-CAND-026,M-PACK-BENCH-001,Packaging Bench and Tool Set,WS-PACK,Packaging Station,2.5,HIGH,CRITICAL,HIGH,1.08,CRITICAL,True,SHARED_STEP7G_MAINTENANCE_SCHEDULE_FEASIBILITY,True
PHASE4-MPS-20260721170405,SCHED-WIN-219,MAINT-CAND-026,M-PACK-BENCH-001,Packaging Bench and Tool Set,WS-PACK,Packaging Station,2.5,HIGH,CRITICAL,HIGH,1.08,CRITICAL,True,SHARED_STEP7G_MAINTENANCE_SCHEDULE_FEASIBILITY,True
PHASE4-MPS-20260721170405,SCHED-WIN-220,MAINT-CAND-026,M-PACK-BENCH-001,Packaging Bench and Tool Set,WS-PACK,Packaging Station,2.5,HIGH,CRITICAL,HIGH,1.08,CRITICAL,True,SHARED_STEP7G_MAINTENANCE_SCHEDULE_FEASIBILITY,True
PHASE4-MPS-20260721170405,SCHED-WIN-221,MAINT-CAND-026,M-PACK-BENCH-001,Packaging Bench and Tool Set,WS-PACK,Packaging Station,2.5,HIGH,CRITICAL,HIGH,1.08,CRITICAL,True,SHARED_STEP7G_MAINTENANCE_SCHEDULE_FEASIBILITY,True
PHASE4-MPS-20260721170405,SCHED-WIN-222,MAINT-CAND-026,M-PACK-BENCH-001,Packaging Bench and Tool Set,WS-PACK,Packaging Station,2.5,HIGH,CRITICAL,HIGH,1.08,CRITICAL,True,SHARED_STEP7G_MAINTENANCE_SCHEDULE_FEASIBILITY,True
PHASE4-MPS-20260721170405,SCHED-WIN-223,MAINT-CAND-026,M-PACK-BENCH-001,Packaging Bench and Tool Set,WS-PACK,Packaging Station,2.5,HIGH,CRITICAL,HIGH,1.08,CRITICAL,True,SHARED_STEP7G_MAINTENANCE_SCHEDULE_FEASIBILITY,True
PHASE4-MPS-20260721170405,SCHED-WIN-224,MAINT-CAND-026,M-PACK-BENCH-001,Packaging Bench and Tool Set,WS-PACK,Packaging Station,2.5,HIGH,CRITICAL,HIGH,1.08,CRITICAL,True,SHARED_STEP7G_MAINTENANCE_SCHEDULE_FEASIBILITY,True
PHASE4-MPS-20260721170405,SCHED-WIN-225,MAINT-CAND-026,M-PACK-BENCH-001,Packaging Bench and Tool Set,WS-PACK,Packaging Station,2.5,HIGH,CRITICAL,HIGH,1.08,CRITICAL,True,SHARED_STEP7G_MAINTENANCE_SCHEDULE_FEASIBILITY,True
